Timestamp,Product,Price,Website
2025-12-09 17:18:18,Acer Predator Helios Neo 16 (Amazon),159990,Amazon
2025-12-09 17:18:20,Lenovo Legion 5 (Amazon),192008,Amazon
2025-12-09 17:25:15,Acer Predator Helios Neo 16 (Amazon),159990,Amazon
2025-12-09 17:25:18,Lenovo Legion 5 (Amazon),192008,Amazon
2025-12-09 17:30:00,Acer Predator Helios Neo 16 (Amazon),159990,Amazon
2025-12-09 17:30:02,Lenovo Legion 5 (Amazon),192008,Amazon
2025-12-09 17:31:07,Acer Predator Helios Neo 16 (Amazon),159990,Amazon
2025-12-09 17:31:09,Lenovo Legion 5 (Amazon),192008,Amazon
2025-12-09 17:48:46,Acer Predator Helios Neo 16 (Amazon),159990,Amazon
2025-12-09 17:48:48,Lenovo Legion 5 (Amazon),192008,Amazon
2025-12-09 18:13:04,Acer Predator Helios Neo 16 (Amazon),159990,Amazon
2025-12-09 18:13:07,Lenovo Legion 5 (Amazon),192008,Amazon
2025-12-09 18:46:32,Acer Predator Helios Neo 16 (Amazon),159990,Amazon
2025-12-09 18:46:34,Lenovo Legion 5 (Amazon),192008,Amazon
2025-12-09 19:00:26,Acer Predator Helios Neo 16 (Amazon),159990,Amazon
2025-12-09 19:00:28,Lenovo Legion 5 (Amazon),192008,Amazon
2025-12-09 19:23:00,Acer Predator Helios Neo 16 (Amazon),159990,Amazon
2025-12-09 19:23:02,Lenovo Legion 5 (Amazon),192008,Amazon
2025-12-09 19:38:00,Acer Predator Helios Neo 16 (Amazon),159990,Amazon
2025-12-09 19:38:02,Lenovo Legion 5 (Amazon),192008,Amazon
2025-12-09 19:50:15,Acer Predator Helios Neo 16 (Amazon),159990,Amazon
2025-12-09 19:50:17,Lenovo Legion 5 (Amazon),192008,Amazon
2025-12-09 20:13:56,Acer Predator Helios Neo 16 (Amazon),159990,Amazon
2025-12-09 20:13:58,Lenovo Legion 5 (Amazon),192008,Amazon
2025-12-09 20:34:32,Acer Predator Helios Neo 16 (Amazon),159990,Amazon
2025-12-09 20:34:34,Lenovo Legion 5 (Amazon),192008,Amazon
2025-12-09 20:47:29,Acer Predator Helios Neo 16 (Amazon),159990,Amazon
2025-12-09 20:47:31,Lenovo Legion 5 (Amazon),192008,Amazon
2025-12-09 20:59:51,Acer Predator Helios Neo 16 (Amazon),159990,Amazon
2025-12-09 20:59:53,Lenovo Legion 5 (Amazon),192008,Amazon
2025-12-09 21:27:30,Acer Predator Helios Neo 16 (Amazon),159990,Amazon
2025-12-09 21:27:32,Lenovo Legion 5 (Amazon),192008,Amazon
2025-12-09 21:43:18,Acer Predator Helios Neo 16 (Amazon),159990,Amazon
2025-12-09 21:43:20,Lenovo Legion 5 (Amazon),192008,Amazon
2025-12-09 21:56:08,Acer Predator Helios Neo 16 (Amazon),159990,Amazon
2025-12-09 21:56:10,Lenovo Legion 5 (Amazon),192008,Amazon
2025-12-09 22:26:31,Acer Predator Helios Neo 16 (Amazon),159990,Amazon
2025-12-09 22:26:33,Lenovo Legion 5 (Amazon),192008,Amazon
2025-12-09 22:44:27,Acer Predator Helios Neo 16 (Amazon),159990,Amazon
2025-12-09 22:44:29,Lenovo Legion 5 (Amazon),192008,Amazon
2025-12-09 22:56:57,Acer Predator Helios Neo 16 (Amazon),159990,Amazon
2025-12-09 22:56:59,Lenovo Legion 5 (Amazon),192008,Amazon
2025-12-09 23:27:18,Acer Predator Helios Neo 16 (Amazon),159990,Amazon
2025-12-09 23:27:20,Lenovo Legion 5 (Amazon),192008,Amazon
2025-12-09 23:41:29,Acer Predator Helios Neo 16 (Amazon),159990,Amazon
2025-12-09 23:41:31,Lenovo Legion 5 (Amazon),192008,Amazon
2025-12-09 23:54:00,Acer Predator Helios Neo 16 (Amazon),159990,Amazon
2025-12-09 23:54:02,Lenovo Legion 5 (Amazon),192008,Amazon
2025-12-10 01:49:49,Acer Predator Helios Neo 16 (Amazon),159990,Amazon
2025-12-10 01:49:51,Lenovo Legion 5 (Amazon),192008,Amazon
2025-12-10 03:16:16,Lenovo Legion 5 (Amazon),192008,Amazon
2025-12-10 04:04:53,Lenovo Legion 5 (Amazon),192008,Amazon
2025-12-10 04:45:11,Lenovo Legion 5 (Amazon),192008,Amazon
2025-12-10 05:01:51,Lenovo Legion 5 (Amazon),192008,Amazon
2025-12-10 05:34:03,Lenovo Legion 5 (Amazon),192008,Amazon
2025-12-10 05:51:06,Acer Predator Helios Neo 16 (Amazon),159990,Amazon
2025-12-10 05:51:08,Lenovo Legion 5 (Amazon),192008,Amazon
2025-12-10 06:25:05,Acer Predator Helios Neo 16 (Amazon),159990,Amazon
2025-12-10 06:25:07,Lenovo Legion 5 (Amazon),192008,Amazon
2025-12-10 06:56:21,Acer Predator Helios Neo 16 (Amazon),159990,Amazon
2025-12-10 06:56:23,Lenovo Legion 5 (Amazon),192008,Amazon
2025-12-10 07:30:38,Acer Predator Helios Neo 16 (Amazon),159990,Amazon
2025-12-10 07:30:41,Lenovo Legion 5 (Amazon),192008,Amazon
2025-12-10 07:47:28,Acer Predator Helios Neo 16 (Amazon),159990,Amazon
2025-12-10 07:47:30,Lenovo Legion 5 (Amazon),192008,Amazon
2025-12-10 08:00:20,Acer Predator Helios Neo 16 (Amazon),159990,Amazon
2025-12-10 08:00:22,Lenovo Legion 5 (Amazon),192008,Amazon
2025-12-10 08:40:30,Acer Predator Helios Neo 16 (Amazon),159990,Amazon
2025-12-10 08:40:32,Lenovo Legion 5 (Amazon),192008,Amazon
2025-12-10 09:00:37,Acer Predator Helios Neo 16 (Amazon),159990,Amazon
2025-12-10 09:00:39,Lenovo Legion 5 (Amazon),192008,Amazon
2025-12-10 09:35:46,Acer Predator Helios Neo 16 (Amazon),159990,Amazon
2025-12-10 09:35:48,Lenovo Legion 5 (Amazon),192008,Amazon
2025-12-10 09:53:06,Acer Predator Helios Neo 16 (Amazon),159990,Amazon
2025-12-10 09:53:08,Lenovo Legion 5 (Amazon),192008,Amazon
2025-12-10 10:24:02,Acer Predator Helios Neo 16 (Amazon),159990,Amazon
2025-12-10 10:24:05,Lenovo Legion 5 (Amazon),192008,Amazon
2025-12-10 10:50:28,Acer Predator Helios Neo 16 (Amazon),159990,Amazon
2025-12-10 10:50:31,Lenovo Legion 5 (Amazon),192008,Amazon
2025-12-10 11:13:14,Acer Predator Helios Neo 16 (Amazon),159990,Amazon
2025-12-10 11:13:16,Lenovo Legion 5 (Amazon),192008,Amazon
2025-12-10 11:32:48,Acer Predator Helios Neo 16 (Amazon),159990,Amazon
2025-12-10 11:32:50,Lenovo Legion 5 (Amazon),192008,Amazon
2025-12-10 11:47:29,Acer Predator Helios Neo 16 (Amazon),159990,Amazon
2025-12-10 11:47:31,Lenovo Legion 5 (Amazon),192008,Amazon
2025-12-10 11:59:51,Acer Predator Helios Neo 16 (Amazon),159990,Amazon
2025-12-10 11:59:54,Lenovo Legion 5 (Amazon),192008,Amazon
2025-12-10 13:03:41,Acer Predator Helios Neo 16 (Amazon),159990,Amazon
2025-12-10 13:03:43,Lenovo Legion 5 (Amazon),192008,Amazon
2025-12-10 13:47:34,Acer Predator Helios Neo 16 (Amazon),159990,Amazon
2025-12-10 13:47:36,Lenovo Legion 5 (Amazon),192008,Amazon
2025-12-10 14:11:38,Acer Predator Helios Neo 16 (Amazon),159990,Amazon
2025-12-10 14:11:40,Lenovo Legion 5 (Amazon),192008,Amazon
2025-12-10 14:43:32,Acer Predator Helios Neo 16 (Amazon),159990,Amazon
2025-12-10 14:43:34,Lenovo Legion 5 (Amazon),192008,Amazon
2025-12-10 15:00:29,Acer Predator Helios Neo 16 (Amazon),159990,Amazon
2025-12-10 15:00:32,Lenovo Legion 5 (Amazon),192008,Amazon
2025-12-10 15:35:27,Acer Predator Helios Neo 16 (Amazon),159990,Amazon
2025-12-10 15:35:29,Lenovo Legion 5 (Amazon),192008,Amazon
2025-12-10 15:52:48,Acer Predator Helios Neo 16 (Amazon),159990,Amazon
2025-12-10 15:52:51,Lenovo Legion 5 (Amazon),192008,Amazon
2025-12-10 16:27:05,Acer Predator Helios Neo 16 (Amazon),159990,Amazon
2025-12-10 16:27:08,Lenovo Legion 5 (Amazon),192008,Amazon
2025-12-10 16:54:55,Acer Predator Helios Neo 16 (Amazon),159990,Amazon
2025-12-10 16:54:57,Lenovo Legion 5 (Amazon),192008,Amazon
2025-12-10 17:27:25,Acer Predator Helios Neo 16 (Amazon),159990,Amazon
2025-12-10 17:27:27,Lenovo Legion 5 (Amazon),192008,Amazon
2025-12-10 17:49:14,Acer Predator Helios Neo 16 (Amazon),159990,Amazon
2025-12-10 17:49:16,Lenovo Legion 5 (Amazon),192008,Amazon
2025-12-10 18:18:08,Acer Predator Helios Neo 16 (Amazon),159990,Amazon
2025-12-10 18:18:10,Lenovo Legion 5 (Amazon),192008,Amazon
2025-12-10 18:48:59,Acer Predator Helios Neo 16 (Amazon),159990,Amazon
2025-12-10 18:49:01,Lenovo Legion 5 (Amazon),192008,Amazon
2025-12-10 19:10:15,Acer Predator Helios Neo 16 (Amazon),159990,Amazon
2025-12-10 19:10:17,Lenovo Legion 5 (Amazon),192008,Amazon
2025-12-10 19:31:06,Acer Predator Helios Neo 16 (Amazon),159990,Amazon
2025-12-10 19:31:08,Lenovo Legion 5 (Amazon),192008,Amazon
2025-12-10 19:45:37,Acer Predator Helios Neo 16 (Amazon),159990,Amazon
2025-12-10 19:45:39,Lenovo Legion 5 (Amazon),192008,Amazon
2025-12-10 19:58:24,Acer Predator Helios Neo 16 (Amazon),159990,Amazon
2025-12-10 19:58:26,Lenovo Legion 5 (Amazon),192008,Amazon
2025-12-10 20:35:16,Acer Predator Helios Neo 16 (Amazon),159990,Amazon
2025-12-10 20:35:18,Lenovo Legion 5 (Amazon),192008,Amazon
2025-12-10 20:54:37,Acer Predator Helios Neo 16 (Amazon),159990,Amazon
2025-12-10 20:54:39,Lenovo Legion 5 (Amazon),192008,Amazon
2025-12-10 21:26:48,Acer Predator Helios Neo 16 (Amazon),159990,Amazon
2025-12-10 21:26:50,Lenovo Legion 5 (Amazon),192008,Amazon
2025-12-10 21:46:16,Acer Predator Helios Neo 16 (Amazon),159990,Amazon
2025-12-10 21:46:18,Lenovo Legion 5 (Amazon),192008,Amazon
2025-12-10 21:59:12,Acer Predator Helios Neo 16 (Amazon),159990,Amazon
2025-12-10 21:59:14,Lenovo Legion 5 (Amazon),192008,Amazon
2025-12-10 22:30:02,Acer Predator Helios Neo 16 (Amazon),159990,Amazon
2025-12-10 22:30:04,Lenovo Legion 5 (Amazon),192008,Amazon
2025-12-10 22:48:45,Acer Predator Helios Neo 16 (Amazon),159990,Amazon
2025-12-10 22:48:47,Lenovo Legion 5 (Amazon),192008,Amazon
2025-12-10 23:08:18,Acer Predator Helios Neo 16 (Amazon),159990,Amazon
2025-12-10 23:08:20,Lenovo Legion 5 (Amazon),192008,Amazon
2025-12-10 23:30:07,Acer Predator Helios Neo 16 (Amazon),159990,Amazon
2025-12-10 23:30:10,Lenovo Legion 5 (Amazon),192008,Amazon
2025-12-10 23:44:03,Acer Predator Helios Neo 16 (Amazon),159990,Amazon
2025-12-10 23:44:05,Lenovo Legion 5 (Amazon),192008,Amazon
2025-12-10 23:56:38,Acer Predator Helios Neo 16 (Amazon),159990,Amazon
2025-12-10 23:56:40,Lenovo Legion 5 (Amazon),192008,Amazon
2025-12-11 02:19:28,Acer Predator Helios Neo 16 (Amazon),159990,Amazon
2025-12-11 02:19:30,Lenovo Legion 5 (Amazon),192008,Amazon
2025-12-11 03:43:47,Lenovo Legion 5 (Amazon),192008,Amazon
2025-12-11 04:23:25,Lenovo Legion 5 (Amazon),192008,Amazon
2025-12-11 04:54:59,Lenovo Legion 5 (Amazon),192008,Amazon
2025-12-11 05:27:30,Lenovo Legion 5 (Amazon),192008,Amazon
2025-12-11 05:49:22,Lenovo Legion 5 (Amazon),192008,Amazon
2025-12-11 06:19:00,Acer Predator Helios Neo 16 (Amazon),159990,Amazon
2025-12-11 06:19:02,Lenovo Legion 5 (Amazon),192008,Amazon
2025-12-11 06:54:04,Acer Predator Helios Neo 16 (Amazon),159990,Amazon
2025-12-11 06:54:06,Lenovo Legion 5 (Amazon),192008,Amazon
2025-12-11 07:25:57,Acer Predator Helios Neo 16 (Amazon),159990,Amazon
2025-12-11 07:25:59,Lenovo Legion 5 (Amazon),192008,Amazon
2025-12-11 07:44:43,Acer Predator Helios Neo 16 (Amazon),159990,Amazon
2025-12-11 07:44:46,Lenovo Legion 5 (Amazon),192008,Amazon
2025-12-11 07:57:33,Acer Predator Helios Neo 16 (Amazon),159990,Amazon
2025-12-11 07:57:35,Lenovo Legion 5 (Amazon),192008,Amazon
2025-12-11 08:40:20,Acer Predator Helios Neo 16 (Amazon),159990,Amazon
2025-12-11 09:00:31,Acer Predator Helios Neo 16 (Amazon),159990,Amazon
2025-12-11 09:00:33,Lenovo Legion 5 (Amazon),192008,Amazon
2025-12-11 09:36:52,Lenovo Legion 5 (Amazon),192008,Amazon
2025-12-11 10:52:48,Lenovo Legion 5 (Amazon),192008,Amazon
2025-12-11 11:18:20,Acer Predator Helios Neo 16 (Amazon),159990,Amazon
2025-12-11 11:18:21,Lenovo Legion 5 (Amazon),192008,Amazon
2025-12-11 11:37:30,Lenovo Legion 5 (Amazon),192008,Amazon
2025-12-11 11:51:11,Acer Predator Helios Neo 16 (Amazon),159990,Amazon
2025-12-11 13:56:32,Lenovo Legion 5 (Amazon),192008,Amazon
2025-12-11 14:50:39,Lenovo Legion 5 (Amazon),192008,Amazon
2025-12-11 15:17:19,Acer Predator Helios Neo 16 (Amazon),169990,Amazon
2025-12-11 15:44:27,Lenovo Legion 5 (Amazon),192008,Amazon
2025-12-11 16:00:11,Acer Predator Helios Neo 16 (Amazon),169990,Amazon
2025-12-11 16:00:13,Lenovo Legion 5 (Amazon),192008,Amazon
2025-12-11 16:45:43,Lenovo Legion 5 (Amazon),192008,Amazon
2025-12-11 17:15:09,Acer Predator Helios Neo 16 (Amazon),169990,Amazon
2025-12-11 17:15:13,Lenovo Legion 5 (Amazon),192008,Amazon
2025-12-11 17:49:41,Lenovo Legion 5 (Amazon),192008,Amazon
2025-12-11 18:51:24,Lenovo Legion 5 (Amazon),192008,Amazon
2025-12-11 19:16:20,Acer Predator Helios Neo 16 (Amazon),169990,Amazon
2025-12-11 19:36:31,Lenovo Legion 5 (Amazon),192008,Amazon
2025-12-11 20:15:15,Lenovo Legion 5 (Amazon),192008,Amazon
2025-12-11 20:52:09,Acer Predator Helios Neo 16 (Amazon),169990,Amazon
2025-12-11 20:52:13,Lenovo Legion 5 (Amazon),192008,Amazon
2025-12-11 21:19:29,Acer Predator Helios Neo 16 (Amazon),169990,Amazon
2025-12-11 21:39:18,Acer Predator Helios Neo 16 (Amazon),169990,Amazon
2025-12-11 21:51:56,Acer Predator Helios Neo 16 (Amazon),169990,Amazon
2025-12-11 21:51:58,Lenovo Legion 5 (Amazon),192008,Amazon
2025-12-11 22:40:46,Acer Predator Helios Neo 16 (Amazon),169990,Amazon
2025-12-11 22:54:17,Acer Predator Helios Neo 16 (Amazon),169990,Amazon
2025-12-11 23:22:05,Acer Predator Helios Neo 16 (Amazon),169990,Amazon
2025-12-11 23:22:07,Lenovo Legion 5 (Amazon),192008,Amazon
2025-12-11 23:39:10,Acer Predator Helios Neo 16 (Amazon),169990,Amazon
2025-12-12 03:04:58,Lenovo Legion 5 (Amazon),192008,Amazon
2025-12-12 04:02:44,Lenovo Legion 5 (Amazon),192008,Amazon
2025-12-12 04:44:48,Lenovo Legion 5 (Amazon),192008,Amazon
2025-12-12 05:01:27,Lenovo Legion 5 (Amazon),192008,Amazon
2025-12-12 06:29:04,Lenovo Legion 5 (Amazon),192008,Amazon
2025-12-12 08:41:38,Lenovo Legion 5 (Amazon),192008,Amazon
2025-12-12 09:35:44,Lenovo Legion 5 (Amazon),192008,Amazon
2025-12-12 11:33:40,Lenovo Legion 5 (Amazon),192008,Amazon
2025-12-12 13:46:49,Acer Predator Helios Neo 16 (Amazon),169990,Amazon
2025-12-12 13:46:50,Lenovo Legion 5 (Amazon),192008,Amazon
2025-12-12 14:00:14,Lenovo Legion 5 (Amazon),192008,Amazon
2025-12-12 14:58:51,Acer Predator Helios Neo 16 (Amazon),169990,Amazon
2025-12-12 15:50:17,Acer Predator Helios Neo 16 (Amazon),169990,Amazon
2025-12-12 15:50:21,Lenovo Legion 5 (Amazon),192008,Amazon
2025-12-12 16:44:42,Acer Predator Helios Neo 16 (Amazon),169990,Amazon
2025-12-12 17:28:30,Acer Predator Helios Neo 16 (Amazon),169990,Amazon
2025-12-12 17:47:09,Acer Predator Helios Neo 16 (Amazon),169990,Amazon
2025-12-12 17:59:17,Acer Predator Helios Neo 16 (Amazon),169990,Amazon
2025-12-12 19:54:46,Lenovo Legion 5 (Amazon),192008,Amazon
2025-12-12 20:59:59,Acer Predator Helios Neo 16 (Amazon),169990,Amazon
2025-12-12 21:00:01,Lenovo Legion 5 (Amazon),192008,Amazon
2025-12-12 21:27:28,Acer Predator Helios Neo 16 (Amazon),169990,Amazon
2025-12-12 22:55:36,Lenovo Legion 5 (Amazon),192008,Amazon
2025-12-12 23:25:21,Acer Predator Helios Neo 16 (Amazon),169990,Amazon
2025-12-12 23:25:22,Lenovo Legion 5 (Amazon),192008,Amazon
2025-12-12 23:41:57,Lenovo Legion 5 (Amazon),192008,Amazon
2025-12-12 23:54:20,Acer Predator Helios Neo 16 (Amazon),169990,Amazon
2025-12-13 01:47:10,Acer Predator Helios Neo 16 (Amazon),169990,Amazon
2025-12-13 03:07:51,Acer Predator Helios Neo 16 (Amazon),169990,Amazon
2025-12-13 03:55:14,Lenovo Legion 5 (Amazon),192008,Amazon
2025-12-13 04:50:36,Lenovo Legion 5 (Amazon),192008,Amazon
2025-12-13 05:14:43,Lenovo Legion 5 (Amazon),192008,Amazon
2025-12-13 05:39:42,Lenovo Legion 5 (Amazon),192008,Amazon
2025-12-13 07:22:36,Lenovo Legion 5 (Amazon),192008,Amazon
2025-12-13 07:38:57,Lenovo Legion 5 (Amazon),192008,Amazon
2025-12-13 08:44:29,Lenovo Legion 5 (Amazon),192008,Amazon
2025-12-13 11:36:51,Lenovo Legion 5 (Amazon),192008,Amazon
2025-12-13 12:20:56,Acer Predator Helios Neo 16 (Amazon),169990,Amazon
2025-12-13 12:20:57,Lenovo Legion 5 (Amazon),192008,Amazon
2025-12-13 13:03:21,Acer Predator Helios Neo 16 (Amazon),169990,Amazon
2025-12-13 13:35:14,Lenovo Legion 5 (Amazon),192008,Amazon
2025-12-13 14:46:46,Acer Predator Helios Neo 16 (Amazon),169990,Amazon
2025-12-13 14:46:48,Lenovo Legion 5 (Amazon),192008,Amazon
2025-12-13 14:58:56,Lenovo Legion 5 (Amazon),192008,Amazon
2025-12-13 15:27:21,Lenovo Legion 5 (Amazon),192008,Amazon
2025-12-13 15:56:20,Lenovo Legion 5 (Amazon),192008,Amazon
2025-12-13 16:33:09,Acer Predator Helios Neo 16 (Amazon),169990,Amazon
2025-12-13 16:33:11,Lenovo Legion 5 (Amazon),192008,Amazon
2025-12-13 16:51:48,Acer Predator Helios Neo 16 (Amazon),169990,Amazon
2025-12-13 17:14:18,Lenovo Legion 5 (Amazon),192008,Amazon
2025-12-13 17:45:08,Acer Predator Helios Neo 16 (Amazon),169990,Amazon
2025-12-13 18:36:54,Acer Predator Helios Neo 16 (Amazon),169990,Amazon
2025-12-13 19:41:43,Lenovo Legion 5 (Amazon),192008,Amazon
2025-12-13 21:59:18,Acer Predator Helios Neo 16 (Amazon),169990,Amazon
2025-12-13 22:28:45,Acer Predator Helios Neo 16 (Amazon),169990,Amazon
2025-12-13 22:28:46,Lenovo Legion 5 (Amazon),192008,Amazon
2025-12-13 22:57:28,Acer Predator Helios Neo 16 (Amazon),169990,Amazon
2025-12-13 23:26:06,Acer Predator Helios Neo 16 (Amazon),169990,Amazon
2025-12-14 02:01:08,Lenovo Legion 5 (Amazon),192008,Amazon
2025-12-14 03:44:20,Lenovo Legion 5 (Amazon),192008,Amazon
2025-12-14 05:22:25,Acer Predator Helios Neo 16 (Amazon),169990,Amazon
2025-12-14 05:55:55,Acer Predator Helios Neo 16 (Amazon),169990,Amazon
2025-12-14 06:57:03,Acer Predator Helios Neo 16 (Amazon),169990,Amazon
2025-12-14 06:57:07,Lenovo Legion 5 (Amazon),192008,Amazon
2025-12-14 07:41:36,Lenovo Legion 5 (Amazon),192008,Amazon
2025-12-14 08:50:36,Lenovo Legion 5 (Amazon),192008,Amazon
2025-12-14 09:33:56,Acer Predator Helios Neo 16 (Amazon),169990,Amazon
2025-12-14 09:47:08,Lenovo Legion 5 (Amazon),192008,Amazon
2025-12-14 09:59:29,Lenovo Legion 5 (Amazon),192008,Amazon
2025-12-14 10:31:09,Lenovo Legion 5 (Amazon),192008,Amazon
2025-12-14 11:00:07,Acer Predator Helios Neo 16 (Amazon),169990,Amazon
2025-12-14 11:39:03,Acer Predator Helios Neo 16 (Amazon),169990,Amazon
2025-12-14 11:39:07,Lenovo Legion 5 (Amazon),192008,Amazon
2025-12-14 11:51:46,Lenovo Legion 5 (Amazon),192008,Amazon
2025-12-14 12:31:55,Acer Predator Helios Neo 16 (Amazon),169990,Amazon
2025-12-14 12:31:59,Lenovo Legion 5 (Amazon),192008,Amazon
2025-12-14 13:07:49,Lenovo Legion 5 (Amazon),192008,Amazon
2025-12-14 14:35:32,Acer Predator Helios Neo 16 (Amazon),169990,Amazon
2025-12-14 15:31:32,Acer Predator Helios Neo 16 (Amazon),169990,Amazon
2025-12-14 15:45:11,Acer Predator Helios Neo 16 (Amazon),169990,Amazon
2025-12-14 15:57:54,Acer Predator Helios Neo 16 (Amazon),169990,Amazon
2025-12-14 15:57:58,Lenovo Legion 5 (Amazon),192008,Amazon
2025-12-14 16:52:09,Lenovo Legion 5 (Amazon),192008,Amazon
2025-12-14 17:14:56,Acer Predator Helios Neo 16 (Amazon),169990,Amazon
2025-12-14 18:39:21,Lenovo Legion 5 (Amazon),192008,Amazon
2025-12-14 18:55:37,Acer Predator Helios Neo 16 (Amazon),169990,Amazon
2025-12-14 18:55:38,Lenovo Legion 5 (Amazon),192008,Amazon
2025-12-14 20:31:44,Lenovo Legion 5 (Amazon),192008,Amazon
2025-12-14 21:26:48,Lenovo Legion 5 (Amazon),192008,Amazon
2025-12-14 21:55:03,Lenovo Legion 5 (Amazon),192008,Amazon
2025-12-14 22:22:47,Lenovo Legion 5 (Amazon),192008,Amazon
2025-12-14 22:53:04,Lenovo Legion 5 (Amazon),192008,Amazon
2025-12-14 23:17:59,Lenovo Legion 5 (Amazon),192008,Amazon
2025-12-14 23:59:16,Lenovo Legion 5 (Amazon),192008,Amazon
2025-12-15 03:53:42,Lenovo Legion 5 (Amazon),192008,Amazon
2025-12-15 07:34:55,Lenovo Legion 5 (Amazon),192008,Amazon
2025-12-15 09:59:29,Lenovo Legion 5 (Amazon),192008,Amazon
2025-12-15 10:39:10,Acer Predator Helios Neo 16 (Amazon),169990,Amazon
2025-12-15 10:58:05,Acer Predator Helios Neo 16 (Amazon),169990,Amazon
2025-12-15 11:28:45,Lenovo Legion 5 (Amazon),192009,Amazon
2025-12-15 11:57:56,Acer Predator Helios Neo 16 (Amazon),169990,Amazon
2025-12-15 11:58:00,Lenovo Legion 5 (Amazon),192009,Amazon
2025-12-15 13:04:53,Lenovo Legion 5 (Amazon),192009,Amazon
2025-12-15 14:19:46,Acer Predator Helios Neo 16 (Amazon),169990,Amazon
2025-12-15 14:50:53,Acer Predator Helios Neo 16 (Amazon),169990,Amazon
2025-12-15 15:19:30,Acer Predator Helios Neo 16 (Amazon),169990,Amazon
2025-12-15 15:19:34,Lenovo Legion 5 (Amazon),192009,Amazon
2025-12-15 16:01:06,Acer Predator Helios Neo 16 (Amazon),169990,Amazon
2025-12-15 16:46:38,Acer Predator Helios Neo 16 (Amazon),169990,Amazon
2025-12-15 16:46:40,Lenovo Legion 5 (Amazon),192009,Amazon
2025-12-15 17:14:54,Lenovo Legion 5 (Amazon),192009,Amazon
2025-12-15 17:43:35,Acer Predator Helios Neo 16 (Amazon),169990,Amazon
2025-12-15 19:09:47,Acer Predator Helios Neo 16 (Amazon),169990,Amazon
2025-12-15 19:09:51,Lenovo Legion 5 (Amazon),192009,Amazon
2025-12-15 19:46:11,Acer Predator Helios Neo 16 (Amazon),169990,Amazon
2025-12-15 20:34:35,Acer Predator Helios Neo 16 (Amazon),169990,Amazon
2025-12-15 20:53:07,Acer Predator Helios Neo 16 (Amazon),169990,Amazon
2025-12-15 20:53:08,Lenovo Legion 5 (Amazon),192009,Amazon
2025-12-15 21:39:38,Lenovo Legion 5 (Amazon),192009,Amazon
2025-12-15 21:52:44,Lenovo Legion 5 (Amazon),192009,Amazon
2025-12-15 22:19:20,Acer Predator Helios Neo 16 (Amazon),169990,Amazon
2025-12-15 22:19:22,Lenovo Legion 5 (Amazon),192009,Amazon
2025-12-15 22:41:44,Acer Predator Helios Neo 16 (Amazon),169990,Amazon
2025-12-15 22:41:46,Lenovo Legion 5 (Amazon),192009,Amazon
2025-12-15 23:24:36,Lenovo Legion 5 (Amazon),192009,Amazon
2025-12-16 02:06:19,Acer Predator Helios Neo 16 (Amazon),169990,Amazon
2025-12-16 02:06:21,Lenovo Legion 5 (Amazon),192009,Amazon
2025-12-16 05:25:46,Lenovo Legion 5 (Amazon),192009,Amazon
2025-12-16 06:48:57,Lenovo Legion 5 (Amazon),192009,Amazon
2025-12-16 10:29:02,Lenovo Legion 5 (Amazon),192009,Amazon
2025-12-16 11:39:03,Acer Predator Helios Neo 16 (Amazon),169990,Amazon
2025-12-16 12:37:16,Acer Predator Helios Neo 16 (Amazon),169990,Amazon
2025-12-16 13:26:27,Lenovo Legion 5 (Amazon),192009,Amazon
2025-12-16 15:32:29,Lenovo Legion 5 (Amazon),192013,Amazon
2025-12-16 15:51:03,Lenovo Legion 5 (Amazon),192013,Amazon
2025-12-16 18:46:56,Acer Predator Helios Neo 16 (Amazon),169990,Amazon
2025-12-16 19:10:29,Acer Predator Helios Neo 16 (Amazon),169990,Amazon
2025-12-16 19:45:45,Acer Predator Helios Neo 16 (Amazon),169990,Amazon
2025-12-16 20:34:39,Lenovo Legion 5 (Amazon),192013,Amazon
2025-12-16 21:19:26,Lenovo Legion 5 (Amazon),192013,Amazon
2025-12-16 21:52:27,Acer Predator Helios Neo 16 (Amazon),169990,Amazon
2025-12-16 23:17:53,Acer Predator Helios Neo 16 (Amazon),169990,Amazon
2025-12-16 23:37:18,Acer Predator Helios Neo 16 (Amazon),169990,Amazon
2025-12-17 02:54:59,Lenovo Legion 5 (Amazon),192013,Amazon
2025-12-17 05:33:42,Lenovo Legion 5 (Amazon),192490,Amazon
2025-12-17 05:51:06,Lenovo Legion 5 (Amazon),192490,Amazon
2025-12-17 07:58:55,Lenovo Legion 5 (Amazon),192490,Amazon
2025-12-17 09:02:32,Lenovo Legion 5 (Amazon),192490,Amazon
2025-12-17 09:38:16,Acer Predator Helios Neo 16 (Amazon),169990,Amazon
2025-12-17 10:32:10,Acer Predator Helios Neo 16 (Amazon),169990,Amazon
2025-12-17 10:53:39,Lenovo Legion 5 (Amazon),192490,Amazon
2025-12-17 11:52:48,Acer Predator Helios Neo 16 (Amazon),169990,Amazon
2025-12-17 13:52:10,Lenovo Legion 5 (Amazon),192013,Amazon
2025-12-17 14:20:07,Lenovo Legion 5 (Amazon),192013,Amazon
2025-12-17 14:46:34,Lenovo Legion 5 (Amazon),192013,Amazon
2025-12-17 15:35:45,Acer Predator Helios Neo 16 (Amazon),169990,Amazon
2025-12-17 15:35:47,Lenovo Legion 5 (Amazon),192013,Amazon
2025-12-17 15:55:53,Acer Predator Helios Neo 16 (Amazon),169990,Amazon
2025-12-17 17:01:50,Acer Predator Helios Neo 16 (Amazon),169990,Amazon
2025-12-17 17:34:53,Acer Predator Helios Neo 16 (Amazon),169990,Amazon
2025-12-17 17:52:24,Acer Predator Helios Neo 16 (Amazon),169990,Amazon
2025-12-17 18:29:52,Acer Predator Helios Neo 16 (Amazon),169990,Amazon
2025-12-17 18:29:54,Lenovo Legion 5 (Amazon),192013,Amazon
2025-12-17 18:57:37,Acer Predator Helios Neo 16 (Amazon),169990,Amazon
2025-12-17 19:26:47,Acer Predator Helios Neo 16 (Amazon),169990,Amazon
2025-12-17 19:55:26,Acer Predator Helios Neo 16 (Amazon),169990,Amazon
2025-12-17 21:13:16,Acer Predator Helios Neo 16 (Amazon),169990,Amazon
2025-12-17 21:35:41,Acer Predator Helios Neo 16 (Amazon),169990,Amazon
2025-12-17 21:35:43,Lenovo Legion 5 (Amazon),192013,Amazon
2025-12-17 22:12:10,Lenovo Legion 5 (Amazon),192013,Amazon
2025-12-17 22:39:01,Acer Predator Helios Neo 16 (Amazon),169990,Amazon
2025-12-17 22:39:05,Lenovo Legion 5 (Amazon),192013,Amazon
2025-12-17 22:53:17,Acer Predator Helios Neo 16 (Amazon),169990,Amazon
2025-12-17 22:53:21,Lenovo Legion 5 (Amazon),192013,Amazon
2025-12-17 23:39:16,Acer Predator Helios Neo 16 (Amazon),169990,Amazon
2025-12-17 23:39:18,Lenovo Legion 5 (Amazon),192013,Amazon
2025-12-17 23:52:22,Acer Predator Helios Neo 16 (Amazon),169990,Amazon
2025-12-18 04:44:28,Lenovo Legion 5 (Amazon),192490,Amazon
2025-12-18 05:02:15,Lenovo Legion 5 (Amazon),192490,Amazon
2025-12-18 06:59:35,Lenovo Legion 5 (Amazon),192490,Amazon
2025-12-18 07:47:02,Lenovo Legion 5 (Amazon),192490,Amazon
2025-12-18 07:59:54,Lenovo Legion 5 (Amazon),192490,Amazon
2025-12-18 08:41:43,Lenovo Legion 5 (Amazon),192490,Amazon
2025-12-18 09:02:30,Lenovo Legion 5 (Amazon),192490,Amazon
2025-12-18 09:56:04,Lenovo Legion 5 (Amazon),192490,Amazon
2025-12-18 10:31:51,Lenovo Legion 5 (Amazon),192490,Amazon
2025-12-18 11:18:43,Lenovo Legion 5 (Amazon),192490,Amazon
2025-12-18 11:37:34,Lenovo Legion 5 (Amazon),192490,Amazon
2025-12-18 12:29:43,Acer Predator Helios Neo 16 (Amazon),169990,Amazon
2025-12-18 12:29:45,Lenovo Legion 5 (Amazon),192490,Amazon
2025-12-18 13:21:26,Lenovo Legion 5 (Amazon),192490,Amazon
2025-12-18 14:24:14,Acer Predator Helios Neo 16 (Amazon),169990,Amazon
2025-12-18 17:52:57,Acer Predator Helios Neo 16 (Amazon),169990,Amazon
2025-12-18 17:52:59,Lenovo Legion 5 (Amazon),192490,Amazon
2025-12-18 18:31:04,Lenovo Legion 5 (Amazon),192000,Amazon
2025-12-18 19:23:43,Acer Predator Helios Neo 16 (Amazon),169990,Amazon
2025-12-18 19:51:41,Acer Predator Helios Neo 16 (Amazon),169990,Amazon
2025-12-18 19:51:45,Lenovo Legion 5 (Amazon),192000,Amazon
2025-12-18 20:53:03,Acer Predator Helios Neo 16 (Amazon),169990,Amazon
2025-12-18 20:53:07,Lenovo Legion 5 (Amazon),192000,Amazon
2025-12-18 21:34:11,Lenovo Legion 5 (Amazon),192000,Amazon
2025-12-18 21:47:12,Lenovo Legion 5 (Amazon),192000,Amazon
2025-12-18 22:30:43,Acer Predator Helios Neo 16 (Amazon),169990,Amazon
2025-12-18 22:48:13,Lenovo Legion 5 (Amazon),192000,Amazon
2025-12-18 23:00:39,Lenovo Legion 5 (Amazon),192000,Amazon
2025-12-18 23:29:02,Lenovo Legion 5 (Amazon),192000,Amazon
2025-12-18 23:45:01,Acer Predator Helios Neo 16 (Amazon),169990,Amazon
2025-12-18 23:57:50,Acer Predator Helios Neo 16 (Amazon),169990,Amazon
2025-12-18 23:57:52,Lenovo Legion 5 (Amazon),192000,Amazon
2025-12-19 02:19:37,Lenovo Legion 5 (Amazon),192000,Amazon
2025-12-19 03:43:32,Lenovo Legion 5 (Amazon),192490,Amazon
2025-12-19 04:53:56,Lenovo Legion 5 (Amazon),192490,Amazon
2025-12-19 06:44:57,Lenovo Legion 5 (Amazon),192490,Amazon
2025-12-19 07:32:15,Lenovo Legion 5 (Amazon),192490,Amazon
2025-12-19 07:46:50,Acer Predator Helios Neo 16 (Amazon),169990,Amazon
2025-12-19 07:46:51,Lenovo Legion 5 (Amazon),192490,Amazon
2025-12-19 08:41:12,Lenovo Legion 5 (Amazon),192023,Amazon
2025-12-19 09:01:09,Acer Predator Helios Neo 16 (Amazon),169990,Amazon
2025-12-19 09:52:37,Lenovo Legion 5 (Amazon),192023,Amazon
2025-12-19 10:21:12,Acer Predator Helios Neo 16 (Amazon),169990,Amazon
2025-12-19 10:45:37,Acer Predator Helios Neo 16 (Amazon),169990,Amazon
2025-12-19 10:58:06,Acer Predator Helios Neo 16 (Amazon),169990,Amazon
2025-12-19 11:26:58,Acer Predator Helios Neo 16 (Amazon),169990,Amazon
2025-12-19 11:27:00,Lenovo Legion 5 (Amazon),192023,Amazon
2025-12-19 11:44:08,Acer Predator Helios Neo 16 (Amazon),169990,Amazon
2025-12-19 11:44:09,Lenovo Legion 5 (Amazon),192023,Amazon
2025-12-19 11:56:52,Acer Predator Helios Neo 16 (Amazon),169990,Amazon
2025-12-19 11:56:56,Lenovo Legion 5 (Amazon),192023,Amazon
2025-12-19 12:58:49,Acer Predator Helios Neo 16 (Amazon),169990,Amazon
2025-12-19 13:39:48,Acer Predator Helios Neo 16 (Amazon),169990,Amazon
2025-12-19 13:39:50,Lenovo Legion 5 (Amazon),192023,Amazon
2025-12-19 13:55:44,Acer Predator Helios Neo 16 (Amazon),169990,Amazon
2025-12-19 13:55:45,Lenovo Legion 5 (Amazon),192023,Amazon
2025-12-19 14:28:33,Acer Predator Helios Neo 16 (Amazon),169990,Amazon
2025-12-19 14:28:35,Lenovo Legion 5 (Amazon),192023,Amazon
2025-12-19 15:13:40,Acer Predator Helios Neo 16 (Amazon),169990,Amazon
2025-12-19 15:13:41,Lenovo Legion 5 (Amazon),192023,Amazon
2025-12-19 15:40:14,Acer Predator Helios Neo 16 (Amazon),169990,Amazon
2025-12-19 15:40:18,Lenovo Legion 5 (Amazon),192023,Amazon
2025-12-19 15:54:41,Acer Predator Helios Neo 16 (Amazon),169990,Amazon
2025-12-19 15:54:43,Lenovo Legion 5 (Amazon),192023,Amazon
2025-12-19 16:31:59,Lenovo Legion 5 (Amazon),192023,Amazon
2025-12-19 16:55:22,Lenovo Legion 5 (Amazon),192023,Amazon
2025-12-19 17:22:52,Acer Predator Helios Neo 16 (Amazon),169990,Amazon
2025-12-19 17:51:45,Acer Predator Helios Neo 16 (Amazon),169990,Amazon
2025-12-19 17:51:49,Lenovo Legion 5 (Amazon),192023,Amazon
2025-12-19 18:24:48,Acer Predator Helios Neo 16 (Amazon),169990,Amazon
2025-12-19 18:24:52,Lenovo Legion 5 (Amazon),192023,Amazon
2025-12-19 18:53:21,Lenovo Legion 5 (Amazon),192023,Amazon
2025-12-19 19:31:47,Acer Predator Helios Neo 16 (Amazon),169990,Amazon
2025-12-19 19:44:42,Lenovo Legion 5 (Amazon),192023,Amazon
2025-12-19 20:49:52,Acer Predator Helios Neo 16 (Amazon),169990,Amazon
2025-12-19 20:49:53,Lenovo Legion 5 (Amazon),192023,Amazon
2025-12-19 21:58:46,Lenovo Legion 5 (Amazon),192023,Amazon
2025-12-19 22:30:20,Lenovo Legion 5 (Amazon),192023,Amazon
2025-12-19 22:47:22,Acer Predator Helios Neo 16 (Amazon),169990,Amazon
2025-12-19 23:00:11,Acer Predator Helios Neo 16 (Amazon),169990,Amazon
2025-12-19 23:00:13,Lenovo Legion 5 (Amazon),192023,Amazon
2025-12-19 23:28:11,Lenovo Legion 5 (Amazon),192023,Amazon
2025-12-19 23:56:12,Lenovo Legion 5 (Amazon),192023,Amazon
2025-12-20 03:22:54,Lenovo Legion 5 (Amazon),192490,Amazon
2025-12-20 05:20:20,Lenovo Legion 5 (Amazon),192490,Amazon
2025-12-20 05:41:28,Lenovo Legion 5 (Amazon),192490,Amazon
2025-12-20 05:54:37,Lenovo Legion 5 (Amazon),192490,Amazon
2025-12-20 06:55:19,Lenovo Legion 5 (Amazon),192490,Amazon
2025-12-20 07:22:52,Acer Predator Helios Neo 16 (Amazon),169990,Amazon
2025-12-20 07:22:56,Lenovo Legion 5 (Amazon),192490,Amazon
2025-12-20 07:37:52,Lenovo Legion 5 (Amazon),192490,Amazon
2025-12-20 09:56:27,Acer Predator Helios Neo 16 (Amazon),169990,Amazon
2025-12-20 10:57:58,Lenovo Legion 5 (Amazon),192490,Amazon
2025-12-20 11:50:19,Lenovo Legion 5 (Amazon),192490,Amazon
2025-12-20 12:23:30,Lenovo Legion 5 (Amazon),192490,Amazon
2025-12-20 14:34:15,Acer Predator Helios Neo 16 (Amazon),169990,Amazon
2025-12-20 14:47:38,Lenovo Legion 5 (Amazon),192490,Amazon
2025-12-20 14:59:49,Acer Predator Helios Neo 16 (Amazon),169990,Amazon
2025-12-20 15:43:30,Lenovo Legion 5 (Amazon),192490,Amazon
2025-12-20 15:56:15,Lenovo Legion 5 (Amazon),192490,Amazon
2025-12-20 17:44:21,Acer Predator Helios Neo 16 (Amazon),169990,Amazon
2025-12-20 17:44:23,Lenovo Legion 5 (Amazon),192490,Amazon
2025-12-20 18:35:51,Acer Predator Helios Neo 16 (Amazon),169990,Amazon
2025-12-20 19:14:38,Lenovo Legion 5 (Amazon),192000,Amazon
2025-12-20 19:29:09,Acer Predator Helios Neo 16 (Amazon),169990,Amazon
2025-12-20 20:41:40,Acer Predator Helios Neo 16 (Amazon),169990,Amazon
2025-12-20 22:44:19,Acer Predator Helios Neo 16 (Amazon),169990,Amazon
2025-12-20 23:25:32,Lenovo Legion 5 (Amazon),192490,Amazon
2025-12-21 03:44:35,Lenovo Legion 5 (Amazon),192490,Amazon
2025-12-21 07:56:14,Acer Predator Helios Neo 16 (Amazon),169990,Amazon
2025-12-21 08:35:26,Acer Predator Helios Neo 16 (Amazon),169990,Amazon
2025-12-21 08:35:30,Lenovo Legion 5 (Amazon),192490,Amazon
2025-12-21 09:21:14,Acer Predator Helios Neo 16 (Amazon),169990,Amazon
2025-12-21 09:39:14,Acer Predator Helios Neo 16 (Amazon),169990,Amazon
2025-12-21 09:51:48,Lenovo Legion 5 (Amazon),192490,Amazon
2025-12-21 10:40:12,Lenovo Legion 5 (Amazon),192490,Amazon
2025-12-21 10:52:53,Acer Predator Helios Neo 16 (Amazon),169990,Amazon
2025-12-21 11:31:34,Acer Predator Helios Neo 16 (Amazon),169990,Amazon
2025-12-21 11:44:28,Acer Predator Helios Neo 16 (Amazon),169990,Amazon
2025-12-21 11:56:58,Acer Predator Helios Neo 16 (Amazon),169990,Amazon
2025-12-21 12:54:44,Lenovo Legion 5 (Amazon),192490,Amazon
2025-12-21 13:30:41,Acer Predator Helios Neo 16 (Amazon),169990,Amazon
2025-12-21 13:30:43,Lenovo Legion 5 (Amazon),192490,Amazon
2025-12-21 13:59:29,Acer Predator Helios Neo 16 (Amazon),169990,Amazon
2025-12-21 13:59:32,Lenovo Legion 5 (Amazon),192490,Amazon
2025-12-21 14:28:20,Acer Predator Helios Neo 16 (Amazon),169990,Amazon
2025-12-21 14:44:59,Lenovo Legion 5 (Amazon),192490,Amazon
2025-12-21 14:57:54,Lenovo Legion 5 (Amazon),192490,Amazon
2025-12-21 15:27:43,Lenovo Legion 5 (Amazon),192490,Amazon
2025-12-21 15:56:09,Acer Predator Helios Neo 16 (Amazon),169990,Amazon
2025-12-21 15:56:13,Lenovo Legion 5 (Amazon),192490,Amazon
2025-12-21 16:32:39,Acer Predator Helios Neo 16 (Amazon),169990,Amazon
2025-12-21 16:32:41,Lenovo Legion 5 (Amazon),192490,Amazon
2025-12-21 16:50:44,Acer Predator Helios Neo 16 (Amazon),169990,Amazon
2025-12-21 16:50:46,Lenovo Legion 5 (Amazon),192490,Amazon
2025-12-21 17:12:22,Acer Predator Helios Neo 16 (Amazon),169990,Amazon
2025-12-21 17:33:32,Lenovo Legion 5 (Amazon),192490,Amazon
2025-12-21 17:46:45,Acer Predator Helios Neo 16 (Amazon),169990,Amazon
2025-12-21 17:46:47,Lenovo Legion 5 (Amazon),192490,Amazon
2025-12-21 17:59:13,Lenovo Legion 5 (Amazon),192490,Amazon
2025-12-21 19:20:21,Lenovo Legion 5 (Amazon),192490,Amazon
2025-12-21 19:34:29,Lenovo Legion 5 (Amazon),192490,Amazon
2025-12-21 19:59:27,Lenovo Legion 5 (Amazon),192490,Amazon
2025-12-21 20:31:26,Lenovo Legion 5 (Amazon),192490,Amazon
2025-12-21 21:26:33,Lenovo Legion 5 (Amazon),192490,Amazon
2025-12-21 21:54:48,Lenovo Legion 5 (Amazon),192490,Amazon
2025-12-21 22:23:41,Lenovo Legion 5 (Amazon),192490,Amazon
2025-12-21 22:42:55,Lenovo Legion 5 (Amazon),192490,Amazon
2025-12-21 22:55:05,Lenovo Legion 5 (Amazon),192490,Amazon
2025-12-21 23:22:58,Lenovo Legion 5 (Amazon),192490,Amazon
2025-12-21 23:39:54,Lenovo Legion 5 (Amazon),192490,Amazon
2025-12-22 04:26:26,Lenovo Legion 5 (Amazon),192490,Amazon
2025-12-22 04:58:32,Lenovo Legion 5 (Amazon),192490,Amazon
2025-12-22 05:34:14,Lenovo Legion 5 (Amazon),192490,Amazon
2025-12-22 06:30:03,Lenovo Legion 5 (Amazon),192490,Amazon
2025-12-22 06:59:29,Lenovo Legion 5 (Amazon),192490,Amazon
2025-12-22 08:16:33,Acer Predator Helios Neo 16 (Amazon),169990,Amazon
2025-12-22 08:48:56,Acer Predator Helios Neo 16 (Amazon),169990,Amazon
2025-12-22 08:48:58,Lenovo Legion 5 (Amazon),192023,Amazon
2025-12-22 09:17:43,Acer Predator Helios Neo 16 (Amazon),169990,Amazon
2025-12-22 09:17:47,Lenovo Legion 5 (Amazon),192023,Amazon
2025-12-22 09:46:07,Acer Predator Helios Neo 16 (Amazon),169990,Amazon
2025-12-22 09:46:11,Lenovo Legion 5 (Amazon),192023,Amazon
2025-12-22 09:59:18,Acer Predator Helios Neo 16 (Amazon),169990,Amazon
2025-12-22 09:59:22,Lenovo Legion 5 (Amazon),192023,Amazon
2025-12-22 10:34:31,Acer Predator Helios Neo 16 (Amazon),169990,Amazon
2025-12-22 10:34:33,Lenovo Legion 5 (Amazon),192023,Amazon
2025-12-22 11:18:54,Acer Predator Helios Neo 16 (Amazon),169990,Amazon
2025-12-22 11:18:58,Lenovo Legion 5 (Amazon),192023,Amazon
2025-12-22 11:35:56,Acer Predator Helios Neo 16 (Amazon),169990,Amazon
2025-12-22 11:48:47,Lenovo Legion 5 (Amazon),192023,Amazon
2025-12-22 12:20:13,Acer Predator Helios Neo 16 (Amazon),169990,Amazon
2025-12-22 13:08:03,Acer Predator Helios Neo 16 (Amazon),169990,Amazon
2025-12-22 13:46:37,Acer Predator Helios Neo 16 (Amazon),169990,Amazon
2025-12-22 13:46:39,Lenovo Legion 5 (Amazon),192023,Amazon
2025-12-22 13:59:37,Acer Predator Helios Neo 16 (Amazon),169990,Amazon
2025-12-22 13:59:38,Lenovo Legion 5 (Amazon),192023,Amazon
2025-12-22 15:16:02,Acer Predator Helios Neo 16 (Amazon),169990,Amazon
2025-12-22 15:16:04,Lenovo Legion 5 (Amazon),192023,Amazon
2025-12-22 15:54:49,Lenovo Legion 5 (Amazon),192023,Amazon
2025-12-22 16:32:04,Lenovo Legion 5 (Amazon),192023,Amazon
2025-12-22 16:54:43,Lenovo Legion 5 (Amazon),192023,Amazon
2025-12-22 17:22:29,Acer Predator Helios Neo 16 (Amazon),169990,Amazon
2025-12-22 17:22:33,Lenovo Legion 5 (Amazon),192023,Amazon
2025-12-22 17:42:21,Acer Predator Helios Neo 16 (Amazon),169990,Amazon
2025-12-22 17:42:23,Lenovo Legion 5 (Amazon),192023,Amazon
2025-12-22 17:55:01,Acer Predator Helios Neo 16 (Amazon),169990,Amazon
2025-12-22 17:55:02,Lenovo Legion 5 (Amazon),192023,Amazon
2025-12-22 18:37:33,Acer Predator Helios Neo 16 (Amazon),169990,Amazon
2025-12-22 19:25:43,Acer Predator Helios Neo 16 (Amazon),169990,Amazon
2025-12-22 19:25:45,Lenovo Legion 5 (Amazon),192023,Amazon
2025-12-22 19:41:09,Acer Predator Helios Neo 16 (Amazon),169990,Amazon
2025-12-22 19:41:13,Lenovo Legion 5 (Amazon),192023,Amazon
2025-12-22 19:54:02,Acer Predator Helios Neo 16 (Amazon),169990,Amazon
2025-12-22 19:54:04,Lenovo Legion 5 (Amazon),192023,Amazon
2025-12-22 20:26:11,Acer Predator Helios Neo 16 (Amazon),169990,Amazon
2025-12-22 20:26:15,Lenovo Legion 5 (Amazon),192023,Amazon
2025-12-22 20:46:10,Acer Predator Helios Neo 16 (Amazon),169990,Amazon
2025-12-22 21:26:57,Acer Predator Helios Neo 16 (Amazon),169990,Amazon
2025-12-22 21:27:01,Lenovo Legion 5 (Amazon),192023,Amazon
2025-12-22 21:43:32,Lenovo Legion 5 (Amazon),192023,Amazon
2025-12-22 21:56:22,Lenovo Legion 5 (Amazon),192023,Amazon
2025-12-22 22:28:58,Acer Predator Helios Neo 16 (Amazon),169990,Amazon
2025-12-22 22:29:00,Lenovo Legion 5 (Amazon),192023,Amazon
2025-12-22 22:48:11,Acer Predator Helios Neo 16 (Amazon),169990,Amazon
2025-12-22 22:48:12,Lenovo Legion 5 (Amazon),192023,Amazon
2025-12-22 23:00:44,Acer Predator Helios Neo 16 (Amazon),169990,Amazon
2025-12-22 23:00:46,Lenovo Legion 5 (Amazon),192023,Amazon
2025-12-22 23:28:47,Acer Predator Helios Neo 16 (Amazon),169990,Amazon
2025-12-22 23:45:02,Acer Predator Helios Neo 16 (Amazon),169990,Amazon
2025-12-22 23:57:51,Acer Predator Helios Neo 16 (Amazon),169990,Amazon
2025-12-22 23:57:55,Lenovo Legion 5 (Amazon),192023,Amazon
2025-12-23 02:21:16,Lenovo Legion 5 (Amazon),192023,Amazon
2025-12-23 03:47:00,Acer Predator Helios Neo 16 (Amazon),169990,Amazon
2025-12-23 03:47:04,Lenovo Legion 5 (Amazon),192023,Amazon
2025-12-23 04:26:49,Lenovo Legion 5 (Amazon),192023,Amazon
2025-12-23 04:58:36,Acer Predator Helios Neo 16 (Amazon),169990,Amazon
2025-12-23 04:58:38,Lenovo Legion 5 (Amazon),192023,Amazon
2025-12-23 05:52:54,Lenovo Legion 5 (Amazon),192023,Amazon
2025-12-23 06:33:23,Acer Predator Helios Neo 16 (Amazon),169990,Amazon
2025-12-23 07:00:15,Lenovo Legion 5 (Amazon),192023,Amazon
2025-12-23 07:33:01,Lenovo Legion 5 (Amazon),192023,Amazon
2025-12-23 07:49:15,Acer Predator Helios Neo 16 (Amazon),169990,Amazon
2025-12-23 08:16:46,Lenovo Legion 5 (Amazon),192023,Amazon
2025-12-23 08:48:20,Acer Predator Helios Neo 16 (Amazon),169990,Amazon
2025-12-23 09:42:12,Acer Predator Helios Neo 16 (Amazon),169990,Amazon
2025-12-23 09:42:16,Lenovo Legion 5 (Amazon),192023,Amazon
2025-12-23 09:56:33,Acer Predator Helios Neo 16 (Amazon),169990,Amazon
2025-12-23 09:56:35,Lenovo Legion 5 (Amazon),192023,Amazon
2025-12-23 11:37:45,Acer Predator Helios Neo 16 (Amazon),169990,Amazon
2025-12-23 11:51:00,Acer Predator Helios Neo 16 (Amazon),169990,Amazon
2025-12-23 13:22:04,Lenovo Legion 5 (Amazon),192023,Amazon
2025-12-23 14:43:18,Lenovo Legion 5 (Amazon),192023,Amazon
2025-12-23 14:57:23,Lenovo Legion 5 (Amazon),192023,Amazon
2025-12-23 15:31:39,Acer Predator Helios Neo 16 (Amazon),169990,Amazon
2025-12-23 15:31:43,Lenovo Legion 5 (Amazon),192023,Amazon
2025-12-23 15:50:10,Lenovo Legion 5 (Amazon),192023,Amazon
2025-12-23 17:36:41,Acer Predator Helios Neo 16 (Amazon),169990,Amazon
2025-12-23 17:36:43,Lenovo Legion 5 (Amazon),192023,Amazon
2025-12-23 17:51:59,Acer Predator Helios Neo 16 (Amazon),169990,Amazon
2025-12-23 17:52:03,Lenovo Legion 5 (Amazon),192023,Amazon
2025-12-23 18:55:39,Lenovo Legion 5 (Amazon),192023,Amazon
2025-12-23 20:38:24,Acer Predator Helios Neo 16 (Amazon),169990,Amazon
2025-12-23 20:52:57,Acer Predator Helios Neo 16 (Amazon),169990,Amazon
2025-12-23 21:19:04,Acer Predator Helios Neo 16 (Amazon),169990,Amazon
2025-12-23 22:36:53,Acer Predator Helios Neo 16 (Amazon),169990,Amazon
2025-12-23 22:51:12,Lenovo Legion 5 (Amazon),192023,Amazon
2025-12-23 23:14:34,Acer Predator Helios Neo 16 (Amazon),169990,Amazon
2025-12-23 23:33:37,Acer Predator Helios Neo 16 (Amazon),169990,Amazon
2025-12-24 00:00:27,Lenovo Legion 5 (Amazon),192023,Amazon
2025-12-24 02:20:23,Lenovo Legion 5 (Amazon),192023,Amazon
2025-12-24 03:44:23,Lenovo Legion 5 (Amazon),192023,Amazon
2025-12-24 04:24:01,Acer Predator Helios Neo 16 (Amazon),169990,Amazon
2025-12-24 04:56:04,Acer Predator Helios Neo 16 (Amazon),169990,Amazon
2025-12-24 06:58:36,Acer Predator Helios Neo 16 (Amazon),169990,Amazon
2025-12-24 07:49:15,Lenovo Legion 5 (Amazon),192023,Amazon
2025-12-24 08:16:46,Lenovo Legion 5 (Amazon),192023,Amazon
2025-12-24 08:48:08,Acer Predator Helios Neo 16 (Amazon),169990,Amazon
2025-12-24 08:48:12,Lenovo Legion 5 (Amazon),192023,Amazon
2025-12-24 10:24:53,Lenovo Legion 5 (Amazon),192023,Amazon
2025-12-24 10:47:19,Acer Predator Helios Neo 16 (Amazon),169990,Amazon
2025-12-24 10:59:28,Acer Predator Helios Neo 16 (Amazon),169990,Amazon
2025-12-24 11:27:00,Acer Predator Helios Neo 16 (Amazon),169990,Amazon
2025-12-24 11:27:04,Lenovo Legion 5 (Amazon),192023,Amazon
2025-12-24 11:43:56,Acer Predator Helios Neo 16 (Amazon),169990,Amazon
2025-12-24 12:58:43,Lenovo Legion 5 (Amazon),192023,Amazon
2025-12-24 13:38:40,Acer Predator Helios Neo 16 (Amazon),169990,Amazon
2025-12-24 14:21:42,Acer Predator Helios Neo 16 (Amazon),169990,Amazon
2025-12-24 14:21:46,Lenovo Legion 5 (Amazon),192023,Amazon
2025-12-24 14:43:16,Acer Predator Helios Neo 16 (Amazon),169990,Amazon
2025-12-24 15:28:50,Acer Predator Helios Neo 16 (Amazon),169990,Amazon
2025-12-24 15:28:54,Lenovo Legion 5 (Amazon),192023,Amazon
2025-12-24 15:59:40,Lenovo Legion 5 (Amazon),192023,Amazon
2025-12-24 16:36:47,Lenovo Legion 5 (Amazon),192023,Amazon
2025-12-24 16:55:21,Lenovo Legion 5 (Amazon),192023,Amazon
2025-12-24 17:40:44,Acer Predator Helios Neo 16 (Amazon),169990,Amazon
2025-12-24 17:40:46,Lenovo Legion 5 (Amazon),192023,Amazon
2025-12-24 17:53:21,Lenovo Legion 5 (Amazon),192023,Amazon
2025-12-24 18:30:54,Acer Predator Helios Neo 16 (Amazon),169990,Amazon
2025-12-24 18:30:56,Lenovo Legion 5 (Amazon),192023,Amazon
2025-12-24 18:54:37,Acer Predator Helios Neo 16 (Amazon),169990,Amazon
2025-12-24 19:18:55,Lenovo Legion 5 (Amazon),192023,Amazon
2025-12-24 19:57:31,Acer Predator Helios Neo 16 (Amazon),169990,Amazon
2025-12-24 20:31:39,Acer Predator Helios Neo 16 (Amazon),169990,Amazon
2025-12-24 20:31:41,Lenovo Legion 5 (Amazon),192023,Amazon
2025-12-24 20:48:53,Lenovo Legion 5 (Amazon),192023,Amazon
2025-12-24 21:09:14,Acer Predator Helios Neo 16 (Amazon),169990,Amazon
2025-12-24 21:30:55,Acer Predator Helios Neo 16 (Amazon),169990,Amazon
2025-12-24 21:30:57,Lenovo Legion 5 (Amazon),192023,Amazon
2025-12-24 22:30:05,Lenovo Legion 5 (Amazon),192023,Amazon
2025-12-24 22:48:04,Acer Predator Helios Neo 16 (Amazon),169990,Amazon
2025-12-24 23:00:29,Acer Predator Helios Neo 16 (Amazon),169990,Amazon
2025-12-24 23:28:35,Acer Predator Helios Neo 16 (Amazon),169990,Amazon
2025-12-24 23:28:37,Lenovo Legion 5 (Amazon),192023,Amazon
2025-12-24 23:44:38,Acer Predator Helios Neo 16 (Amazon),169990,Amazon
2025-12-24 23:44:40,Lenovo Legion 5 (Amazon),192023,Amazon
2025-12-24 23:57:30,Acer Predator Helios Neo 16 (Amazon),169990,Amazon
2025-12-24 23:57:32,Lenovo Legion 5 (Amazon),192023,Amazon
2025-12-25 02:21:08,Acer Predator Helios Neo 16 (Amazon),169990,Amazon
2025-12-25 02:21:10,Lenovo Legion 5 (Amazon),192023,Amazon
2025-12-25 03:47:07,Acer Predator Helios Neo 16 (Amazon),169990,Amazon
2025-12-25 03:47:09,Lenovo Legion 5 (Amazon),192023,Amazon
2025-12-25 04:26:41,Acer Predator Helios Neo 16 (Amazon),169990,Amazon
2025-12-25 04:26:43,Lenovo Legion 5 (Amazon),192023,Amazon
2025-12-25 04:58:33,Acer Predator Helios Neo 16 (Amazon),169990,Amazon
2025-12-25 04:58:35,Lenovo Legion 5 (Amazon),192023,Amazon
2025-12-25 05:34:38,Acer Predator Helios Neo 16 (Amazon),169990,Amazon
2025-12-25 05:34:40,Lenovo Legion 5 (Amazon),192023,Amazon
2025-12-25 05:52:38,Acer Predator Helios Neo 16 (Amazon),169990,Amazon
2025-12-25 05:52:40,Lenovo Legion 5 (Amazon),192023,Amazon
2025-12-25 06:31:13,Acer Predator Helios Neo 16 (Amazon),169990,Amazon
2025-12-25 06:31:15,Lenovo Legion 5 (Amazon),192023,Amazon
2025-12-25 06:57:46,Acer Predator Helios Neo 16 (Amazon),169990,Amazon
2025-12-25 06:57:48,Lenovo Legion 5 (Amazon),192023,Amazon
2025-12-25 07:29:45,Acer Predator Helios Neo 16 (Amazon),169990,Amazon
2025-12-25 07:29:47,Lenovo Legion 5 (Amazon),192023,Amazon
2025-12-25 07:46:16,Acer Predator Helios Neo 16 (Amazon),169990,Amazon
2025-12-25 07:46:18,Lenovo Legion 5 (Amazon),192023,Amazon
2025-12-25 07:59:01,Acer Predator Helios Neo 16 (Amazon),169990,Amazon
2025-12-25 07:59:03,Lenovo Legion 5 (Amazon),192023,Amazon
2025-12-25 08:39:02,Acer Predator Helios Neo 16 (Amazon),169990,Amazon
2025-12-25 08:39:04,Lenovo Legion 5 (Amazon),192023,Amazon
2025-12-25 08:58:50,Acer Predator Helios Neo 16 (Amazon),169990,Amazon
2025-12-25 08:58:52,Lenovo Legion 5 (Amazon),192023,Amazon
2025-12-25 10:13:12,Acer Predator Helios Neo 16 (Amazon),169990,Amazon
2025-12-25 10:13:14,Lenovo Legion 5 (Amazon),192023,Amazon
2025-12-25 10:41:50,Acer Predator Helios Neo 16 (Amazon),169990,Amazon
2025-12-25 10:41:52,Lenovo Legion 5 (Amazon),192023,Amazon
2025-12-25 11:39:39,Acer Predator Helios Neo 16 (Amazon),169990,Amazon
2025-12-25 11:52:33,Lenovo Legion 5 (Amazon),192023,Amazon
2025-12-25 12:38:37,Acer Predator Helios Neo 16 (Amazon),169990,Amazon
2025-12-25 12:38:38,Lenovo Legion 5 (Amazon),192023,Amazon
2025-12-25 13:21:40,Acer Predator Helios Neo 16 (Amazon),169990,Amazon
2025-12-25 13:21:42,Lenovo Legion 5 (Amazon),192023,Amazon
2025-12-25 13:48:27,Acer Predator Helios Neo 16 (Amazon),169990,Amazon
2025-12-25 13:48:29,Lenovo Legion 5 (Amazon),192023,Amazon
2025-12-25 14:09:15,Acer Predator Helios Neo 16 (Amazon),169990,Amazon
2025-12-25 14:09:17,Lenovo Legion 5 (Amazon),192023,Amazon
2025-12-25 14:35:17,Acer Predator Helios Neo 16 (Amazon),169990,Amazon
2025-12-25 14:35:19,Lenovo Legion 5 (Amazon),192023,Amazon
2025-12-25 14:51:23,Acer Predator Helios Neo 16 (Amazon),169990,Amazon
2025-12-25 14:51:25,Lenovo Legion 5 (Amazon),192023,Amazon
2025-12-25 15:16:26,Acer Predator Helios Neo 16 (Amazon),169990,Amazon
2025-12-25 15:16:29,Lenovo Legion 5 (Amazon),192023,Amazon
2025-12-25 15:38:15,Acer Predator Helios Neo 16 (Amazon),169990,Amazon
2025-12-25 15:38:17,Lenovo Legion 5 (Amazon),192023,Amazon
2025-12-25 15:51:51,Acer Predator Helios Neo 16 (Amazon),169990,Amazon
2025-12-25 15:51:53,Lenovo Legion 5 (Amazon),192023,Amazon
2025-12-25 16:21:28,Acer Predator Helios Neo 16 (Amazon),169990,Amazon
2025-12-25 16:21:30,Lenovo Legion 5 (Amazon),192023,Amazon
2025-12-25 16:48:08,Acer Predator Helios Neo 16 (Amazon),169990,Amazon
2025-12-25 16:48:10,Lenovo Legion 5 (Amazon),192023,Amazon
2025-12-25 17:01:06,Acer Predator Helios Neo 16 (Amazon),169990,Amazon
2025-12-25 17:01:08,Lenovo Legion 5 (Amazon),192023,Amazon
2025-12-25 17:29:31,Acer Predator Helios Neo 16 (Amazon),169990,Amazon
2025-12-25 17:29:33,Lenovo Legion 5 (Amazon),192023,Amazon
2025-12-25 17:46:13,Acer Predator Helios Neo 16 (Amazon),169990,Amazon
2025-12-25 17:46:15,Lenovo Legion 5 (Amazon),192023,Amazon
2025-12-25 17:58:45,Acer Predator Helios Neo 16 (Amazon),169990,Amazon
2025-12-25 17:58:47,Lenovo Legion 5 (Amazon),192023,Amazon
2025-12-25 18:41:06,Acer Predator Helios Neo 16 (Amazon),169990,Amazon
2025-12-25 18:41:08,Lenovo Legion 5 (Amazon),192023,Amazon
2025-12-25 18:58:42,Acer Predator Helios Neo 16 (Amazon),169990,Amazon
2025-12-25 18:58:44,Lenovo Legion 5 (Amazon),192023,Amazon
2025-12-25 19:24:24,Acer Predator Helios Neo 16 (Amazon),169990,Amazon
2025-12-25 19:24:26,Lenovo Legion 5 (Amazon),192023,Amazon
2025-12-25 19:39:19,Acer Predator Helios Neo 16 (Amazon),169990,Amazon
2025-12-25 19:39:21,Lenovo Legion 5 (Amazon),192023,Amazon
2025-12-25 19:52:00,Acer Predator Helios Neo 16 (Amazon),169990,Amazon
2025-12-25 19:52:02,Lenovo Legion 5 (Amazon),192023,Amazon
2025-12-25 20:19:23,Acer Predator Helios Neo 16 (Amazon),169990,Amazon
2025-12-25 20:19:26,Lenovo Legion 5 (Amazon),192023,Amazon
2025-12-25 20:41:07,Acer Predator Helios Neo 16 (Amazon),169990,Amazon
2025-12-25 20:41:09,Lenovo Legion 5 (Amazon),192023,Amazon
2025-12-25 20:54:32,Acer Predator Helios Neo 16 (Amazon),169990,Amazon
2025-12-25 20:54:34,Lenovo Legion 5 (Amazon),192023,Amazon
2025-12-25 21:38:59,Acer Predator Helios Neo 16 (Amazon),169990,Amazon
2025-12-25 21:51:39,Acer Predator Helios Neo 16 (Amazon),169990,Amazon
2025-12-25 21:51:41,Lenovo Legion 5 (Amazon),192023,Amazon
2025-12-25 22:16:31,Acer Predator Helios Neo 16 (Amazon),169990,Amazon
2025-12-25 22:16:32,Lenovo Legion 5 (Amazon),192023,Amazon
2025-12-25 22:39:59,Acer Predator Helios Neo 16 (Amazon),169990,Amazon
2025-12-25 22:40:02,Lenovo Legion 5 (Amazon),192023,Amazon
2025-12-25 22:53:02,Acer Predator Helios Neo 16 (Amazon),169990,Amazon
2025-12-25 22:53:04,Lenovo Legion 5 (Amazon),192023,Amazon
2025-12-25 23:19:21,Lenovo Legion 5 (Amazon),192023,Amazon
2025-12-25 23:37:46,Acer Predator Helios Neo 16 (Amazon),169990,Amazon
2025-12-25 23:50:37,Lenovo Legion 5 (Amazon),192023,Amazon
2025-12-26 01:07:03,Acer Predator Helios Neo 16 (Amazon),169990,Amazon
2025-12-26 01:07:05,Lenovo Legion 5 (Amazon),192023,Amazon
2025-12-26 03:00:54,Acer Predator Helios Neo 16 (Amazon),169990,Amazon
2025-12-26 03:00:56,Lenovo Legion 5 (Amazon),192023,Amazon
2025-12-26 04:02:23,Acer Predator Helios Neo 16 (Amazon),169990,Amazon
2025-12-26 04:02:25,Lenovo Legion 5 (Amazon),192023,Amazon
2025-12-26 04:45:26,Acer Predator Helios Neo 16 (Amazon),169990,Amazon
2025-12-26 04:45:28,Lenovo Legion 5 (Amazon),192023,Amazon
2025-12-26 05:01:48,Acer Predator Helios Neo 16 (Amazon),169990,Amazon
2025-12-26 05:01:51,Lenovo Legion 5 (Amazon),192023,Amazon
2025-12-26 05:34:40,Acer Predator Helios Neo 16 (Amazon),169990,Amazon
2025-12-26 05:34:42,Lenovo Legion 5 (Amazon),192023,Amazon
2025-12-26 05:51:30,Acer Predator Helios Neo 16 (Amazon),169990,Amazon
2025-12-26 05:51:32,Lenovo Legion 5 (Amazon),192023,Amazon
2025-12-26 06:26:33,Acer Predator Helios Neo 16 (Amazon),169990,Amazon
2025-12-26 06:26:35,Lenovo Legion 5 (Amazon),192023,Amazon
2025-12-26 06:56:07,Acer Predator Helios Neo 16 (Amazon),169990,Amazon
2025-12-26 06:56:09,Lenovo Legion 5 (Amazon),192023,Amazon
2025-12-26 07:28:51,Acer Predator Helios Neo 16 (Amazon),169990,Amazon
2025-12-26 07:28:53,Lenovo Legion 5 (Amazon),192023,Amazon
2025-12-26 07:45:15,Acer Predator Helios Neo 16 (Amazon),169990,Amazon
2025-12-26 07:45:18,Lenovo Legion 5 (Amazon),192023,Amazon
2025-12-26 07:57:39,Acer Predator Helios Neo 16 (Amazon),169990,Amazon
2025-12-26 07:57:41,Lenovo Legion 5 (Amazon),192023,Amazon
2025-12-26 08:38:23,Acer Predator Helios Neo 16 (Amazon),169990,Amazon
2025-12-26 08:38:25,Lenovo Legion 5 (Amazon),192023,Amazon
2025-12-26 08:57:44,Acer Predator Helios Neo 16 (Amazon),169990,Amazon
2025-12-26 08:57:46,Lenovo Legion 5 (Amazon),192023,Amazon
2025-12-26 09:31:52,Acer Predator Helios Neo 16 (Amazon),169990,Amazon
2025-12-26 09:31:54,Lenovo Legion 5 (Amazon),192023,Amazon
2025-12-26 09:48:51,Acer Predator Helios Neo 16 (Amazon),169990,Amazon
2025-12-26 09:48:53,Lenovo Legion 5 (Amazon),192023,Amazon
2025-12-26 10:11:49,Acer Predator Helios Neo 16 (Amazon),169990,Amazon
2025-12-26 10:11:51,Lenovo Legion 5 (Amazon),192023,Amazon
2025-12-26 10:41:09,Acer Predator Helios Neo 16 (Amazon),169990,Amazon
2025-12-26 10:41:11,Lenovo Legion 5 (Amazon),192023,Amazon
2025-12-26 10:55:07,Acer Predator Helios Neo 16 (Amazon),169990,Amazon
2025-12-26 10:55:09,Lenovo Legion 5 (Amazon),192023,Amazon
2025-12-26 11:23:14,Acer Predator Helios Neo 16 (Amazon),169990,Amazon
2025-12-26 11:23:16,Lenovo Legion 5 (Amazon),192023,Amazon
2025-12-26 11:39:46,Acer Predator Helios Neo 16 (Amazon),169990,Amazon
2025-12-26 11:39:48,Lenovo Legion 5 (Amazon),192023,Amazon
2025-12-26 11:52:40,Acer Predator Helios Neo 16 (Amazon),169990,Amazon
2025-12-26 11:52:42,Lenovo Legion 5 (Amazon),192023,Amazon
2025-12-26 12:39:27,Acer Predator Helios Neo 16 (Amazon),169990,Amazon
2025-12-26 12:39:30,Lenovo Legion 5 (Amazon),192023,Amazon
2025-12-26 13:22:38,Acer Predator Helios Neo 16 (Amazon),169990,Amazon
2025-12-26 13:22:40,Lenovo Legion 5 (Amazon),192023,Amazon
2025-12-26 13:49:00,Acer Predator Helios Neo 16 (Amazon),169990,Amazon
2025-12-26 14:11:06,Acer Predator Helios Neo 16 (Amazon),169990,Amazon
2025-12-26 14:38:19,Acer Predator Helios Neo 16 (Amazon),169990,Amazon
2025-12-26 14:53:36,Lenovo Legion 5 (Amazon),192023,Amazon
2025-12-26 15:41:43,Acer Predator Helios Neo 16 (Amazon),169990,Amazon
2025-12-26 15:41:46,Lenovo Legion 5 (Amazon),192023,Amazon
2025-12-26 15:54:44,Acer Predator Helios Neo 16 (Amazon),169990,Amazon
2025-12-26 15:54:46,Lenovo Legion 5 (Amazon),192023,Amazon
2025-12-26 16:29:35,Acer Predator Helios Neo 16 (Amazon),169990,Amazon
2025-12-26 16:29:37,Lenovo Legion 5 (Amazon),192023,Amazon
2025-12-26 16:50:58,Acer Predator Helios Neo 16 (Amazon),169990,Amazon
2025-12-26 16:51:00,Lenovo Legion 5 (Amazon),192023,Amazon
2025-12-26 17:13:01,Acer Predator Helios Neo 16 (Amazon),169990,Amazon
2025-12-26 17:13:03,Lenovo Legion 5 (Amazon),192023,Amazon
2025-12-26 17:34:13,Acer Predator Helios Neo 16 (Amazon),169990,Amazon
2025-12-26 17:34:16,Lenovo Legion 5 (Amazon),192023,Amazon
2025-12-26 17:47:24,Acer Predator Helios Neo 16 (Amazon),169990,Amazon
2025-12-26 17:47:27,Lenovo Legion 5 (Amazon),192023,Amazon
2025-12-26 17:59:45,Acer Predator Helios Neo 16 (Amazon),169990,Amazon
2025-12-26 17:59:47,Lenovo Legion 5 (Amazon),192023,Amazon
2025-12-26 18:41:15,Acer Predator Helios Neo 16 (Amazon),169990,Amazon
2025-12-26 18:41:17,Lenovo Legion 5 (Amazon),192023,Amazon
2025-12-26 19:23:53,Lenovo Legion 5 (Amazon),192023,Amazon
2025-12-26 19:38:41,Lenovo Legion 5 (Amazon),192023,Amazon
2025-12-26 19:51:23,Acer Predator Helios Neo 16 (Amazon),169990,Amazon
2025-12-26 20:38:50,Lenovo Legion 5 (Amazon),192023,Amazon
2025-12-26 20:52:39,Acer Predator Helios Neo 16 (Amazon),169990,Amazon
2025-12-26 21:17:20,Lenovo Legion 5 (Amazon),192023,Amazon
2025-12-26 21:34:56,Acer Predator Helios Neo 16 (Amazon),169990,Amazon
2025-12-26 21:34:58,Lenovo Legion 5 (Amazon),192023,Amazon
2025-12-26 21:47:55,Lenovo Legion 5 (Amazon),192023,Amazon
2025-12-26 22:31:35,Acer Predator Helios Neo 16 (Amazon),169990,Amazon
2025-12-26 22:48:45,Lenovo Legion 5 (Amazon),192023,Amazon
2025-12-26 23:09:34,Acer Predator Helios Neo 16 (Amazon),169990,Amazon
2025-12-26 23:32:29,Acer Predator Helios Neo 16 (Amazon),169990,Amazon
2025-12-26 23:32:31,Lenovo Legion 5 (Amazon),192023,Amazon
2025-12-26 23:47:14,Acer Predator Helios Neo 16 (Amazon),169990,Amazon
2025-12-26 23:47:16,Lenovo Legion 5 (Amazon),192023,Amazon
2025-12-26 23:59:58,Acer Predator Helios Neo 16 (Amazon),169990,Amazon
2025-12-27 00:00:00,Lenovo Legion 5 (Amazon),192023,Amazon
2025-12-27 02:19:28,Acer Predator Helios Neo 16 (Amazon),169990,Amazon
2025-12-27 02:19:30,Lenovo Legion 5 (Amazon),192023,Amazon
2025-12-27 04:19:59,Acer Predator Helios Neo 16 (Amazon),169990,Amazon
2025-12-27 04:20:01,Lenovo Legion 5 (Amazon),192023,Amazon
2025-12-27 05:15:03,Acer Predator Helios Neo 16 (Amazon),169990,Amazon
2025-12-27 05:15:05,Lenovo Legion 5 (Amazon),192023,Amazon
2025-12-27 05:53:52,Acer Predator Helios Neo 16 (Amazon),169990,Amazon
2025-12-27 05:53:54,Lenovo Legion 5 (Amazon),192023,Amazon
2025-12-27 06:33:57,Lenovo Legion 5 (Amazon),192023,Amazon
2025-12-27 06:56:58,Acer Predator Helios Neo 16 (Amazon),169990,Amazon
2025-12-27 06:56:59,Lenovo Legion 5 (Amazon),192023,Amazon
2025-12-27 07:26:16,Acer Predator Helios Neo 16 (Amazon),169990,Amazon
2025-12-27 07:26:18,Lenovo Legion 5 (Amazon),192023,Amazon
2025-12-27 07:54:37,Acer Predator Helios Neo 16 (Amazon),169990,Amazon
2025-12-27 07:54:38,Lenovo Legion 5 (Amazon),192023,Amazon
2025-12-27 08:31:21,Acer Predator Helios Neo 16 (Amazon),169990,Amazon
2025-12-27 08:53:12,Acer Predator Helios Neo 16 (Amazon),169990,Amazon
2025-12-27 08:53:14,Lenovo Legion 5 (Amazon),192023,Amazon
2025-12-27 09:20:29,Acer Predator Helios Neo 16 (Amazon),169990,Amazon
2025-12-27 09:20:32,Lenovo Legion 5 (Amazon),192023,Amazon
2025-12-27 09:39:31,Acer Predator Helios Neo 16 (Amazon),169990,Amazon
2025-12-27 09:39:33,Lenovo Legion 5 (Amazon),192023,Amazon
2025-12-27 09:52:11,Lenovo Legion 5 (Amazon),192023,Amazon
2025-12-27 10:17:44,Acer Predator Helios Neo 16 (Amazon),169990,Amazon
2025-12-27 10:17:46,Lenovo Legion 5 (Amazon),192023,Amazon
2025-12-27 10:40:39,Lenovo Legion 5 (Amazon),192023,Amazon
2025-12-27 10:52:59,Acer Predator Helios Neo 16 (Amazon),169990,Amazon
2025-12-27 10:53:01,Lenovo Legion 5 (Amazon),192023,Amazon
2025-12-27 11:16:14,Lenovo Legion 5 (Amazon),192023,Amazon
2025-12-27 11:44:33,Acer Predator Helios Neo 16 (Amazon),169990,Amazon
2025-12-27 11:57:02,Acer Predator Helios Neo 16 (Amazon),169990,Amazon
2025-12-27 11:57:03,Lenovo Legion 5 (Amazon),192023,Amazon
2025-12-27 12:55:46,Acer Predator Helios Neo 16 (Amazon),169990,Amazon
2025-12-27 12:55:48,Lenovo Legion 5 (Amazon),192023,Amazon
2025-12-27 13:33:20,Acer Predator Helios Neo 16 (Amazon),169990,Amazon
2025-12-27 13:33:22,Lenovo Legion 5 (Amazon),192023,Amazon
2025-12-27 14:09:09,Acer Predator Helios Neo 16 (Amazon),169990,Amazon
2025-12-27 14:33:42,Acer Predator Helios Neo 16 (Amazon),169990,Amazon
2025-12-27 14:33:46,Lenovo Legion 5 (Amazon),192023,Amazon
2025-12-27 14:48:17,Acer Predator Helios Neo 16 (Amazon),169990,Amazon
2025-12-27 14:48:19,Lenovo Legion 5 (Amazon),192023,Amazon
2025-12-27 15:01:08,Acer Predator Helios Neo 16 (Amazon),169990,Amazon
2025-12-27 15:29:15,Acer Predator Helios Neo 16 (Amazon),169990,Amazon
2025-12-27 15:44:43,Acer Predator Helios Neo 16 (Amazon),169990,Amazon
2025-12-27 15:44:45,Lenovo Legion 5 (Amazon),192023,Amazon
2025-12-27 15:57:36,Lenovo Legion 5 (Amazon),192023,Amazon
2025-12-27 16:34:28,Acer Predator Helios Neo 16 (Amazon),169990,Amazon
2025-12-27 16:34:30,Lenovo Legion 5 (Amazon),192023,Amazon
2025-12-27 16:52:42,Acer Predator Helios Neo 16 (Amazon),169990,Amazon
2025-12-27 16:52:44,Lenovo Legion 5 (Amazon),192023,Amazon
2025-12-27 17:36:34,Acer Predator Helios Neo 16 (Amazon),169990,Amazon
2025-12-27 17:49:20,Acer Predator Helios Neo 16 (Amazon),169990,Amazon
2025-12-27 17:49:22,Lenovo Legion 5 (Amazon),192023,Amazon
2025-12-27 18:15:31,Acer Predator Helios Neo 16 (Amazon),169990,Amazon
2025-12-27 18:15:33,Lenovo Legion 5 (Amazon),192023,Amazon
2025-12-27 18:46:23,Acer Predator Helios Neo 16 (Amazon),169990,Amazon
2025-12-27 18:59:21,Acer Predator Helios Neo 16 (Amazon),169990,Amazon
2025-12-27 18:59:23,Lenovo Legion 5 (Amazon),192023,Amazon
2025-12-27 19:24:04,Acer Predator Helios Neo 16 (Amazon),169990,Amazon
2025-12-27 19:24:06,Lenovo Legion 5 (Amazon),192023,Amazon
2025-12-27 19:38:42,Acer Predator Helios Neo 16 (Amazon),169990,Amazon
2025-12-27 19:38:44,Lenovo Legion 5 (Amazon),192023,Amazon
2025-12-27 19:51:27,Acer Predator Helios Neo 16 (Amazon),169990,Amazon
2025-12-27 19:51:30,Lenovo Legion 5 (Amazon),192023,Amazon
2025-12-27 20:17:48,Acer Predator Helios Neo 16 (Amazon),169990,Amazon
2025-12-27 20:17:50,Lenovo Legion 5 (Amazon),192023,Amazon
2025-12-27 20:39:21,Acer Predator Helios Neo 16 (Amazon),169990,Amazon
2025-12-27 20:39:23,Lenovo Legion 5 (Amazon),192023,Amazon
2025-12-27 20:52:39,Acer Predator Helios Neo 16 (Amazon),169990,Amazon
2025-12-27 20:52:41,Lenovo Legion 5 (Amazon),192023,Amazon
2025-12-27 21:34:14,Lenovo Legion 5 (Amazon),192023,Amazon
2025-12-27 21:47:01,Acer Predator Helios Neo 16 (Amazon),169990,Amazon
2025-12-27 21:47:03,Lenovo Legion 5 (Amazon),192023,Amazon
2025-12-27 21:59:33,Acer Predator Helios Neo 16 (Amazon),169990,Amazon
2025-12-27 21:59:35,Lenovo Legion 5 (Amazon),192023,Amazon
2025-12-27 22:30:14,Acer Predator Helios Neo 16 (Amazon),169990,Amazon
2025-12-27 22:30:16,Lenovo Legion 5 (Amazon),192023,Amazon
2025-12-27 22:47:39,Acer Predator Helios Neo 16 (Amazon),169990,Amazon
2025-12-27 22:47:41,Lenovo Legion 5 (Amazon),192023,Amazon
2025-12-27 22:59:56,Acer Predator Helios Neo 16 (Amazon),169990,Amazon
2025-12-27 22:59:59,Lenovo Legion 5 (Amazon),192023,Amazon
2025-12-27 23:27:49,Lenovo Legion 5 (Amazon),192023,Amazon
2025-12-27 23:56:27,Acer Predator Helios Neo 16 (Amazon),169990,Amazon
2025-12-27 23:56:29,Lenovo Legion 5 (Amazon),192023,Amazon
2025-12-28 02:32:31,Lenovo Legion 5 (Amazon),192023,Amazon
2025-12-28 04:00:46,Acer Predator Helios Neo 16 (Amazon),169990,Amazon
2025-12-28 04:00:48,Lenovo Legion 5 (Amazon),192023,Amazon
2025-12-28 04:52:08,Acer Predator Helios Neo 16 (Amazon),169990,Amazon
2025-12-28 04:52:11,Lenovo Legion 5 (Amazon),192023,Amazon
2025-12-28 05:21:54,Acer Predator Helios Neo 16 (Amazon),169990,Amazon
2025-12-28 05:21:56,Lenovo Legion 5 (Amazon),192023,Amazon
2025-12-28 05:46:20,Acer Predator Helios Neo 16 (Amazon),169990,Amazon
2025-12-28 05:46:22,Lenovo Legion 5 (Amazon),192023,Amazon
2025-12-28 05:58:58,Acer Predator Helios Neo 16 (Amazon),169990,Amazon
2025-12-28 05:59:00,Lenovo Legion 5 (Amazon),192023,Amazon
2025-12-28 06:43:54,Acer Predator Helios Neo 16 (Amazon),169990,Amazon
2025-12-28 06:43:56,Lenovo Legion 5 (Amazon),192023,Amazon
2025-12-28 07:00:34,Acer Predator Helios Neo 16 (Amazon),169990,Amazon
2025-12-28 07:00:36,Lenovo Legion 5 (Amazon),192023,Amazon
2025-12-28 07:29:33,Acer Predator Helios Neo 16 (Amazon),169990,Amazon
2025-12-28 07:29:35,Lenovo Legion 5 (Amazon),192023,Amazon
2025-12-28 07:45:10,Acer Predator Helios Neo 16 (Amazon),169990,Amazon
2025-12-28 07:45:12,Lenovo Legion 5 (Amazon),192023,Amazon
2025-12-28 07:57:59,Acer Predator Helios Neo 16 (Amazon),169990,Amazon
2025-12-28 07:58:01,Lenovo Legion 5 (Amazon),192023,Amazon
2025-12-28 08:37:15,Acer Predator Helios Neo 16 (Amazon),169990,Amazon
2025-12-28 08:37:17,Lenovo Legion 5 (Amazon),192023,Amazon
2025-12-28 08:55:53,Acer Predator Helios Neo 16 (Amazon),169990,Amazon
2025-12-28 08:55:55,Lenovo Legion 5 (Amazon),192023,Amazon
2025-12-28 09:27:48,Acer Predator Helios Neo 16 (Amazon),169990,Amazon
2025-12-28 09:27:50,Lenovo Legion 5 (Amazon),192023,Amazon
2025-12-28 09:44:52,Acer Predator Helios Neo 16 (Amazon),169990,Amazon
2025-12-28 09:44:54,Lenovo Legion 5 (Amazon),192023,Amazon
2025-12-28 09:57:04,Acer Predator Helios Neo 16 (Amazon),169990,Amazon
2025-12-28 09:57:06,Lenovo Legion 5 (Amazon),192023,Amazon
2025-12-28 10:30:12,Acer Predator Helios Neo 16 (Amazon),169990,Amazon
2025-12-28 10:30:14,Lenovo Legion 5 (Amazon),192023,Amazon
2025-12-28 10:48:12,Acer Predator Helios Neo 16 (Amazon),169990,Amazon
2025-12-28 10:48:16,Lenovo Legion 5 (Amazon),192023,Amazon
2025-12-28 11:00:33,Lenovo Legion 5 (Amazon),192023,Amazon
2025-12-28 11:25:35,Lenovo Legion 5 (Amazon),192023,Amazon
2025-12-28 11:53:59,Acer Predator Helios Neo 16 (Amazon),169990,Amazon
2025-12-28 11:54:01,Lenovo Legion 5 (Amazon),192023,Amazon
2025-12-28 12:44:13,Lenovo Legion 5 (Amazon),192023,Amazon
2025-12-28 13:20:53,Acer Predator Helios Neo 16 (Amazon),169990,Amazon
2025-12-28 13:20:55,Lenovo Legion 5 (Amazon),192023,Amazon
2025-12-28 13:45:04,Acer Predator Helios Neo 16 (Amazon),169990,Amazon
2025-12-28 13:45:06,Lenovo Legion 5 (Amazon),192023,Amazon
2025-12-28 13:57:46,Acer Predator Helios Neo 16 (Amazon),169990,Amazon
2025-12-28 13:57:48,Lenovo Legion 5 (Amazon),192023,Amazon
2025-12-28 14:46:24,Lenovo Legion 5 (Amazon),192023,Amazon
2025-12-28 15:28:47,Acer Predator Helios Neo 16 (Amazon),169990,Amazon
2025-12-28 15:28:49,Lenovo Legion 5 (Amazon),192023,Amazon
2025-12-28 15:44:50,Acer Predator Helios Neo 16 (Amazon),169990,Amazon
2025-12-28 15:57:06,Lenovo Legion 5 (Amazon),192023,Amazon
2025-12-28 16:54:01,Acer Predator Helios Neo 16 (Amazon),169990,Amazon
2025-12-28 16:54:03,Lenovo Legion 5 (Amazon),192023,Amazon
2025-12-28 17:19:44,Acer Predator Helios Neo 16 (Amazon),169990,Amazon
2025-12-28 17:19:46,Lenovo Legion 5 (Amazon),192023,Amazon
2025-12-28 17:39:17,Acer Predator Helios Neo 16 (Amazon),169990,Amazon
2025-12-28 17:39:19,Lenovo Legion 5 (Amazon),192023,Amazon
2025-12-28 17:52:13,Acer Predator Helios Neo 16 (Amazon),169990,Amazon
2025-12-28 17:52:15,Lenovo Legion 5 (Amazon),192023,Amazon
2025-12-28 18:26:03,Acer Predator Helios Neo 16 (Amazon),169990,Amazon
2025-12-28 18:26:05,Lenovo Legion 5 (Amazon),192023,Amazon
2025-12-28 18:52:30,Acer Predator Helios Neo 16 (Amazon),169990,Amazon
2025-12-28 18:52:32,Lenovo Legion 5 (Amazon),192023,Amazon
2025-12-28 19:14:49,Acer Predator Helios Neo 16 (Amazon),169990,Amazon
2025-12-28 19:14:51,Lenovo Legion 5 (Amazon),192023,Amazon
2025-12-28 19:30:26,Acer Predator Helios Neo 16 (Amazon),169990,Amazon
2025-12-28 19:30:28,Lenovo Legion 5 (Amazon),192023,Amazon
2025-12-28 19:43:19,Acer Predator Helios Neo 16 (Amazon),169990,Amazon
2025-12-28 19:43:20,Lenovo Legion 5 (Amazon),192023,Amazon
2025-12-28 19:55:42,Acer Predator Helios Neo 16 (Amazon),169990,Amazon
2025-12-28 19:55:44,Lenovo Legion 5 (Amazon),192023,Amazon
2025-12-28 20:30:16,Acer Predator Helios Neo 16 (Amazon),169990,Amazon
2025-12-28 20:30:17,Lenovo Legion 5 (Amazon),192023,Amazon
2025-12-28 20:48:15,Acer Predator Helios Neo 16 (Amazon),169990,Amazon
2025-12-28 20:48:17,Lenovo Legion 5 (Amazon),192023,Amazon
2025-12-28 21:01:04,Acer Predator Helios Neo 16 (Amazon),169990,Amazon
2025-12-28 21:01:06,Lenovo Legion 5 (Amazon),192023,Amazon
2025-12-28 21:28:08,Acer Predator Helios Neo 16 (Amazon),169990,Amazon
2025-12-28 21:28:10,Lenovo Legion 5 (Amazon),192023,Amazon
2025-12-28 21:44:00,Acer Predator Helios Neo 16 (Amazon),169990,Amazon
2025-12-28 21:44:02,Lenovo Legion 5 (Amazon),192023,Amazon
2025-12-28 21:56:38,Acer Predator Helios Neo 16 (Amazon),169990,Amazon
2025-12-28 21:56:39,Lenovo Legion 5 (Amazon),192023,Amazon
2025-12-28 22:28:04,Acer Predator Helios Neo 16 (Amazon),169990,Amazon
2025-12-28 22:28:06,Lenovo Legion 5 (Amazon),192023,Amazon
2025-12-28 22:46:53,Acer Predator Helios Neo 16 (Amazon),169990,Amazon
2025-12-28 22:46:55,Lenovo Legion 5 (Amazon),192023,Amazon
2025-12-28 22:59:26,Acer Predator Helios Neo 16 (Amazon),169990,Amazon
2025-12-28 22:59:29,Lenovo Legion 5 (Amazon),192023,Amazon
2025-12-28 23:28:16,Acer Predator Helios Neo 16 (Amazon),169990,Amazon
2025-12-28 23:28:18,Lenovo Legion 5 (Amazon),192023,Amazon
2025-12-28 23:44:58,Acer Predator Helios Neo 16 (Amazon),169990,Amazon
2025-12-28 23:45:00,Lenovo Legion 5 (Amazon),192023,Amazon
2025-12-28 23:57:43,Acer Predator Helios Neo 16 (Amazon),169990,Amazon
2025-12-28 23:57:45,Lenovo Legion 5 (Amazon),192023,Amazon
2025-12-29 02:31:03,Acer Predator Helios Neo 16 (Amazon),169990,Amazon
2025-12-29 02:31:05,Lenovo Legion 5 (Amazon),192023,Amazon
2025-12-29 04:02:49,Acer Predator Helios Neo 16 (Amazon),169990,Amazon
2025-12-29 04:02:51,Lenovo Legion 5 (Amazon),192023,Amazon
2025-12-29 04:56:49,Acer Predator Helios Neo 16 (Amazon),169990,Amazon
2025-12-29 04:56:51,Lenovo Legion 5 (Amazon),192023,Amazon
2025-12-29 05:37:05,Acer Predator Helios Neo 16 (Amazon),169990,Amazon
2025-12-29 05:37:07,Lenovo Legion 5 (Amazon),192023,Amazon
2025-12-29 05:57:08,Acer Predator Helios Neo 16 (Amazon),169990,Amazon
2025-12-29 05:57:10,Lenovo Legion 5 (Amazon),192023,Amazon
2025-12-29 06:49:16,Acer Predator Helios Neo 16 (Amazon),169990,Amazon
2025-12-29 06:49:18,Lenovo Legion 5 (Amazon),192023,Amazon
2025-12-29 07:17:50,Acer Predator Helios Neo 16 (Amazon),169990,Amazon
2025-12-29 07:17:52,Lenovo Legion 5 (Amazon),192023,Amazon
2025-12-29 07:42:40,Acer Predator Helios Neo 16 (Amazon),169990,Amazon
2025-12-29 07:42:42,Lenovo Legion 5 (Amazon),192023,Amazon
2025-12-29 07:55:35,Acer Predator Helios Neo 16 (Amazon),169990,Amazon
2025-12-29 07:55:37,Lenovo Legion 5 (Amazon),192023,Amazon
2025-12-29 08:39:56,Acer Predator Helios Neo 16 (Amazon),169990,Amazon
2025-12-29 08:39:58,Lenovo Legion 5 (Amazon),192023,Amazon
2025-12-29 09:01:52,Acer Predator Helios Neo 16 (Amazon),169990,Amazon
2025-12-29 09:01:54,Lenovo Legion 5 (Amazon),192023,Amazon
2025-12-29 09:42:27,Acer Predator Helios Neo 16 (Amazon),169990,Amazon
2025-12-29 09:42:29,Lenovo Legion 5 (Amazon),192023,Amazon
2025-12-29 09:58:06,Acer Predator Helios Neo 16 (Amazon),169990,Amazon
2025-12-29 09:58:08,Lenovo Legion 5 (Amazon),192023,Amazon
2025-12-29 10:34:58,Acer Predator Helios Neo 16 (Amazon),169990,Amazon
2025-12-29 10:35:00,Lenovo Legion 5 (Amazon),192023,Amazon
2025-12-29 10:54:14,Acer Predator Helios Neo 16 (Amazon),169990,Amazon
2025-12-29 10:54:16,Lenovo Legion 5 (Amazon),192023,Amazon
2025-12-29 11:21:39,Acer Predator Helios Neo 16 (Amazon),169990,Amazon
2025-12-29 11:21:41,Lenovo Legion 5 (Amazon),192023,Amazon
2025-12-29 11:39:37,Acer Predator Helios Neo 16 (Amazon),169990,Amazon
2025-12-29 11:39:39,Lenovo Legion 5 (Amazon),192023,Amazon
2025-12-29 11:52:47,Acer Predator Helios Neo 16 (Amazon),169990,Amazon
2025-12-29 11:52:49,Lenovo Legion 5 (Amazon),192023,Amazon
2025-12-29 12:42:27,Acer Predator Helios Neo 16 (Amazon),169990,Amazon
2025-12-29 12:42:29,Lenovo Legion 5 (Amazon),192023,Amazon
2025-12-29 13:27:59,Acer Predator Helios Neo 16 (Amazon),169990,Amazon
2025-12-29 13:28:01,Lenovo Legion 5 (Amazon),192023,Amazon
2025-12-29 13:55:44,Lenovo Legion 5 (Amazon),192023,Amazon
2025-12-29 14:28:47,Acer Predator Helios Neo 16 (Amazon),169990,Amazon
2025-12-29 14:28:49,Lenovo Legion 5 (Amazon),192023,Amazon
2025-12-29 14:50:28,Acer Predator Helios Neo 16 (Amazon),169990,Amazon
2025-12-29 14:50:30,Lenovo Legion 5 (Amazon),192023,Amazon
2025-12-29 15:15:23,Acer Predator Helios Neo 16 (Amazon),169990,Amazon
2025-12-29 15:15:25,Lenovo Legion 5 (Amazon),192023,Amazon
2025-12-29 15:40:47,Acer Predator Helios Neo 16 (Amazon),169990,Amazon
2025-12-29 15:40:49,Lenovo Legion 5 (Amazon),192023,Amazon
2025-12-29 15:55:12,Acer Predator Helios Neo 16 (Amazon),169990,Amazon
2025-12-29 15:55:14,Lenovo Legion 5 (Amazon),192023,Amazon
2025-12-29 16:32:43,Acer Predator Helios Neo 16 (Amazon),169990,Amazon
2025-12-29 16:32:45,Lenovo Legion 5 (Amazon),192023,Amazon
2025-12-29 16:53:56,Acer Predator Helios Neo 16 (Amazon),169990,Amazon
2025-12-29 16:53:58,Lenovo Legion 5 (Amazon),192023,Amazon
2025-12-29 17:20:58,Acer Predator Helios Neo 16 (Amazon),169990,Amazon
2025-12-29 17:21:00,Lenovo Legion 5 (Amazon),192023,Amazon
2025-12-29 17:41:02,Acer Predator Helios Neo 16 (Amazon),169990,Amazon
2025-12-29 17:41:04,Lenovo Legion 5 (Amazon),192023,Amazon
2025-12-29 17:53:31,Acer Predator Helios Neo 16 (Amazon),169990,Amazon
2025-12-29 17:53:33,Lenovo Legion 5 (Amazon),192023,Amazon
2025-12-29 18:32:10,Acer Predator Helios Neo 16 (Amazon),169990,Amazon
2025-12-29 18:32:12,Lenovo Legion 5 (Amazon),192023,Amazon
2025-12-29 18:55:59,Acer Predator Helios Neo 16 (Amazon),169990,Amazon
2025-12-29 18:56:01,Lenovo Legion 5 (Amazon),192023,Amazon
2025-12-29 19:22:55,Acer Predator Helios Neo 16 (Amazon),169990,Amazon
2025-12-29 19:22:57,Lenovo Legion 5 (Amazon),192023,Amazon
2025-12-29 19:37:50,Acer Predator Helios Neo 16 (Amazon),169990,Amazon
2025-12-29 19:37:52,Lenovo Legion 5 (Amazon),192023,Amazon
2025-12-29 19:50:33,Acer Predator Helios Neo 16 (Amazon),169990,Amazon
2025-12-29 19:50:35,Lenovo Legion 5 (Amazon),192023,Amazon
2025-12-29 20:16:44,Acer Predator Helios Neo 16 (Amazon),169990,Amazon
2025-12-29 20:16:46,Lenovo Legion 5 (Amazon),192023,Amazon
2025-12-29 20:41:46,Acer Predator Helios Neo 16 (Amazon),169990,Amazon
2025-12-29 20:41:49,Lenovo Legion 5 (Amazon),192023,Amazon
2025-12-29 20:56:05,Acer Predator Helios Neo 16 (Amazon),169990,Amazon
2025-12-29 20:56:07,Lenovo Legion 5 (Amazon),192023,Amazon
2025-12-29 21:26:20,Acer Predator Helios Neo 16 (Amazon),169990,Amazon
2025-12-29 21:26:22,Lenovo Legion 5 (Amazon),192023,Amazon
2025-12-29 21:43:52,Acer Predator Helios Neo 16 (Amazon),169990,Amazon
2025-12-29 21:43:54,Lenovo Legion 5 (Amazon),192023,Amazon
2025-12-29 21:56:41,Acer Predator Helios Neo 16 (Amazon),169990,Amazon
2025-12-29 21:56:43,Lenovo Legion 5 (Amazon),192023,Amazon
2025-12-29 22:28:52,Acer Predator Helios Neo 16 (Amazon),169990,Amazon
2025-12-29 22:28:54,Lenovo Legion 5 (Amazon),192023,Amazon
2025-12-29 22:47:20,Acer Predator Helios Neo 16 (Amazon),169990,Amazon
2025-12-29 22:47:22,Lenovo Legion 5 (Amazon),192023,Amazon
2025-12-29 22:59:28,Acer Predator Helios Neo 16 (Amazon),169990,Amazon
2025-12-29 22:59:31,Lenovo Legion 5 (Amazon),192023,Amazon
2025-12-29 23:28:46,Acer Predator Helios Neo 16 (Amazon),169990,Amazon
2025-12-29 23:28:48,Lenovo Legion 5 (Amazon),192023,Amazon
2025-12-29 23:45:21,Acer Predator Helios Neo 16 (Amazon),169990,Amazon
2025-12-29 23:45:23,Lenovo Legion 5 (Amazon),192023,Amazon
2025-12-29 23:58:07,Acer Predator Helios Neo 16 (Amazon),169990,Amazon
2025-12-29 23:58:09,Lenovo Legion 5 (Amazon),192023,Amazon
2025-12-30 02:22:15,Acer Predator Helios Neo 16 (Amazon),169990,Amazon
2025-12-30 02:22:17,Lenovo Legion 5 (Amazon),192023,Amazon
2025-12-30 03:48:22,Acer Predator Helios Neo 16 (Amazon),169990,Amazon
2025-12-30 03:48:24,Lenovo Legion 5 (Amazon),192023,Amazon
2025-12-30 04:28:44,Acer Predator Helios Neo 16 (Amazon),169990,Amazon
2025-12-30 04:28:47,Lenovo Legion 5 (Amazon),192023,Amazon
2025-12-30 05:00:15,Acer Predator Helios Neo 16 (Amazon),169990,Amazon
2025-12-30 05:00:17,Lenovo Legion 5 (Amazon),192023,Amazon
2025-12-30 05:35:29,Acer Predator Helios Neo 16 (Amazon),169990,Amazon
2025-12-30 05:35:31,Lenovo Legion 5 (Amazon),192023,Amazon
2025-12-30 05:52:28,Acer Predator Helios Neo 16 (Amazon),169990,Amazon
2025-12-30 05:52:29,Lenovo Legion 5 (Amazon),192023,Amazon
2025-12-30 06:30:48,Acer Predator Helios Neo 16 (Amazon),169990,Amazon
2025-12-30 06:30:50,Lenovo Legion 5 (Amazon),192023,Amazon
2025-12-30 06:58:38,Acer Predator Helios Neo 16 (Amazon),169990,Amazon
2025-12-30 06:58:40,Lenovo Legion 5 (Amazon),192023,Amazon
2025-12-30 07:31:50,Acer Predator Helios Neo 16 (Amazon),169990,Amazon
2025-12-30 07:31:52,Lenovo Legion 5 (Amazon),192023,Amazon
2025-12-30 07:47:49,Acer Predator Helios Neo 16 (Amazon),169990,Amazon
2025-12-30 07:47:51,Lenovo Legion 5 (Amazon),192023,Amazon
2025-12-30 08:00:31,Acer Predator Helios Neo 16 (Amazon),169990,Amazon
2025-12-30 08:00:33,Lenovo Legion 5 (Amazon),192023,Amazon
2025-12-30 08:41:30,Acer Predator Helios Neo 16 (Amazon),169990,Amazon
2025-12-30 08:41:32,Lenovo Legion 5 (Amazon),192023,Amazon
2025-12-30 09:01:36,Acer Predator Helios Neo 16 (Amazon),169990,Amazon
2025-12-30 09:01:38,Lenovo Legion 5 (Amazon),192023,Amazon
2025-12-30 09:36:11,Acer Predator Helios Neo 16 (Amazon),169990,Amazon
2025-12-30 09:36:13,Lenovo Legion 5 (Amazon),192023,Amazon
2025-12-30 09:53:23,Acer Predator Helios Neo 16 (Amazon),169990,Amazon
2025-12-30 09:53:25,Lenovo Legion 5 (Amazon),192023,Amazon
2025-12-30 10:24:04,Acer Predator Helios Neo 16 (Amazon),169990,Amazon
2025-12-30 10:24:06,Lenovo Legion 5 (Amazon),192023,Amazon
2025-12-30 10:48:29,Acer Predator Helios Neo 16 (Amazon),169990,Amazon
2025-12-30 10:48:31,Lenovo Legion 5 (Amazon),192023,Amazon
2025-12-30 11:09:44,Acer Predator Helios Neo 16 (Amazon),169990,Amazon
2025-12-30 11:09:46,Lenovo Legion 5 (Amazon),192023,Amazon
2025-12-30 11:31:30,Acer Predator Helios Neo 16 (Amazon),169990,Amazon
2025-12-30 11:31:32,Lenovo Legion 5 (Amazon),192023,Amazon
2025-12-30 11:46:48,Acer Predator Helios Neo 16 (Amazon),169990,Amazon
2025-12-30 11:46:50,Lenovo Legion 5 (Amazon),192023,Amazon
2025-12-30 11:59:04,Acer Predator Helios Neo 16 (Amazon),169990,Amazon
2025-12-30 11:59:06,Lenovo Legion 5 (Amazon),192023,Amazon
2025-12-30 13:02:46,Acer Predator Helios Neo 16 (Amazon),169990,Amazon
2025-12-30 13:02:48,Lenovo Legion 5 (Amazon),192023,Amazon
2025-12-30 13:46:21,Acer Predator Helios Neo 16 (Amazon),169990,Amazon
2025-12-30 13:46:23,Lenovo Legion 5 (Amazon),192023,Amazon
2025-12-30 14:00:15,Acer Predator Helios Neo 16 (Amazon),169990,Amazon
2025-12-30 14:00:18,Lenovo Legion 5 (Amazon),192023,Amazon
2025-12-30 14:34:00,Acer Predator Helios Neo 16 (Amazon),169990,Amazon
2025-12-30 14:34:02,Lenovo Legion 5 (Amazon),192023,Amazon
2025-12-30 14:52:40,Acer Predator Helios Neo 16 (Amazon),169990,Amazon
2025-12-30 14:52:42,Lenovo Legion 5 (Amazon),192023,Amazon
2025-12-30 15:21:23,Acer Predator Helios Neo 16 (Amazon),169990,Amazon
2025-12-30 15:21:25,Lenovo Legion 5 (Amazon),192023,Amazon
2025-12-30 15:42:59,Acer Predator Helios Neo 16 (Amazon),169990,Amazon
2025-12-30 15:43:02,Lenovo Legion 5 (Amazon),192023,Amazon
2025-12-30 15:56:54,Acer Predator Helios Neo 16 (Amazon),169990,Amazon
2025-12-30 15:56:56,Lenovo Legion 5 (Amazon),192023,Amazon
2025-12-30 16:37:37,Acer Predator Helios Neo 16 (Amazon),169990,Amazon
2025-12-30 16:37:39,Lenovo Legion 5 (Amazon),192023,Amazon
2025-12-30 16:58:15,Acer Predator Helios Neo 16 (Amazon),169990,Amazon
2025-12-30 16:58:18,Lenovo Legion 5 (Amazon),192023,Amazon
2025-12-30 17:30:52,Acer Predator Helios Neo 16 (Amazon),169990,Amazon
2025-12-30 17:30:54,Lenovo Legion 5 (Amazon),192023,Amazon
2025-12-30 17:49:56,Acer Predator Helios Neo 16 (Amazon),169990,Amazon
2025-12-30 17:49:58,Lenovo Legion 5 (Amazon),192023,Amazon
2025-12-30 18:20:03,Acer Predator Helios Neo 16 (Amazon),169990,Amazon
2025-12-30 18:20:05,Lenovo Legion 5 (Amazon),192023,Amazon
2025-12-30 18:51:43,Acer Predator Helios Neo 16 (Amazon),169990,Amazon
2025-12-30 18:51:46,Lenovo Legion 5 (Amazon),192023,Amazon
2025-12-30 19:14:52,Acer Predator Helios Neo 16 (Amazon),169990,Amazon
2025-12-30 19:14:53,Lenovo Legion 5 (Amazon),192023,Amazon
2025-12-30 19:31:26,Acer Predator Helios Neo 16 (Amazon),169990,Amazon
2025-12-30 19:31:28,Lenovo Legion 5 (Amazon),192023,Amazon
2025-12-30 19:44:58,Acer Predator Helios Neo 16 (Amazon),169990,Amazon
2025-12-30 19:45:00,Lenovo Legion 5 (Amazon),192023,Amazon
2025-12-30 19:57:35,Acer Predator Helios Neo 16 (Amazon),169990,Amazon
2025-12-30 19:57:37,Lenovo Legion 5 (Amazon),192023,Amazon
2025-12-30 20:32:34,Acer Predator Helios Neo 16 (Amazon),169990,Amazon
2025-12-30 20:32:36,Lenovo Legion 5 (Amazon),192023,Amazon
2025-12-30 20:50:38,Acer Predator Helios Neo 16 (Amazon),169990,Amazon
2025-12-30 20:50:40,Lenovo Legion 5 (Amazon),192023,Amazon
2025-12-30 21:13:59,Acer Predator Helios Neo 16 (Amazon),169990,Amazon
2025-12-30 21:14:01,Lenovo Legion 5 (Amazon),192023,Amazon
2025-12-30 21:34:13,Acer Predator Helios Neo 16 (Amazon),169990,Amazon
2025-12-30 21:34:15,Lenovo Legion 5 (Amazon),192023,Amazon
2025-12-30 21:49:03,Acer Predator Helios Neo 16 (Amazon),169990,Amazon
2025-12-30 21:49:05,Lenovo Legion 5 (Amazon),192023,Amazon
2025-12-30 22:10:27,Acer Predator Helios Neo 16 (Amazon),169990,Amazon
2025-12-30 22:10:29,Lenovo Legion 5 (Amazon),192023,Amazon
2025-12-30 22:36:16,Acer Predator Helios Neo 16 (Amazon),169990,Amazon
2025-12-30 22:36:18,Lenovo Legion 5 (Amazon),192023,Amazon
2025-12-30 22:51:34,Acer Predator Helios Neo 16 (Amazon),169990,Amazon
2025-12-30 22:51:36,Lenovo Legion 5 (Amazon),192023,Amazon
2025-12-30 23:15:26,Acer Predator Helios Neo 16 (Amazon),169990,Amazon
2025-12-30 23:15:28,Lenovo Legion 5 (Amazon),192023,Amazon
2025-12-30 23:34:07,Acer Predator Helios Neo 16 (Amazon),169990,Amazon
2025-12-30 23:34:10,Lenovo Legion 5 (Amazon),192023,Amazon
2025-12-30 23:47:34,Acer Predator Helios Neo 16 (Amazon),169990,Amazon
2025-12-30 23:47:36,Lenovo Legion 5 (Amazon),192023,Amazon
2025-12-30 23:59:50,Acer Predator Helios Neo 16 (Amazon),169990,Amazon
2025-12-30 23:59:52,Lenovo Legion 5 (Amazon),192023,Amazon
2025-12-31 02:22:55,Acer Predator Helios Neo 16 (Amazon),169990,Amazon
2025-12-31 02:22:57,Lenovo Legion 5 (Amazon),192023,Amazon
2025-12-31 03:47:52,Acer Predator Helios Neo 16 (Amazon),169990,Amazon
2025-12-31 03:47:54,Lenovo Legion 5 (Amazon),192023,Amazon
2025-12-31 04:27:56,Acer Predator Helios Neo 16 (Amazon),169990,Amazon
2025-12-31 04:27:58,Lenovo Legion 5 (Amazon),192023,Amazon
2025-12-31 04:59:19,Acer Predator Helios Neo 16 (Amazon),169990,Amazon
2025-12-31 04:59:21,Lenovo Legion 5 (Amazon),192023,Amazon
2025-12-31 05:35:51,Acer Predator Helios Neo 16 (Amazon),169990,Amazon
2025-12-31 05:35:53,Lenovo Legion 5 (Amazon),192023,Amazon
2025-12-31 05:53:22,Acer Predator Helios Neo 16 (Amazon),169990,Amazon
2025-12-31 05:53:24,Lenovo Legion 5 (Amazon),192022,Amazon
2025-12-31 06:34:58,Acer Predator Helios Neo 16 (Amazon),169990,Amazon
2025-12-31 06:35:00,Lenovo Legion 5 (Amazon),192022,Amazon
2025-12-31 07:00:16,Acer Predator Helios Neo 16 (Amazon),169990,Amazon
2025-12-31 07:00:18,Lenovo Legion 5 (Amazon),192022,Amazon
2025-12-31 07:34:03,Acer Predator Helios Neo 16 (Amazon),169990,Amazon
2025-12-31 07:34:06,Lenovo Legion 5 (Amazon),192022,Amazon
2025-12-31 07:48:58,Acer Predator Helios Neo 16 (Amazon),169990,Amazon
2025-12-31 07:49:00,Lenovo Legion 5 (Amazon),192022,Amazon
2025-12-31 08:15:37,Acer Predator Helios Neo 16 (Amazon),169990,Amazon
2025-12-31 08:15:39,Lenovo Legion 5 (Amazon),192022,Amazon
2025-12-31 08:47:34,Acer Predator Helios Neo 16 (Amazon),169990,Amazon
2025-12-31 08:47:36,Lenovo Legion 5 (Amazon),192022,Amazon
2025-12-31 09:13:29,Acer Predator Helios Neo 16 (Amazon),169990,Amazon
2025-12-31 09:13:31,Lenovo Legion 5 (Amazon),192022,Amazon
2025-12-31 09:41:31,Acer Predator Helios Neo 16 (Amazon),169990,Amazon
2025-12-31 09:41:33,Lenovo Legion 5 (Amazon),192022,Amazon
2025-12-31 09:55:48,Acer Predator Helios Neo 16 (Amazon),169990,Amazon
2025-12-31 09:55:50,Lenovo Legion 5 (Amazon),192022,Amazon
2025-12-31 10:29:58,Acer Predator Helios Neo 16 (Amazon),154990,Amazon
2025-12-31 10:30:01,Lenovo Legion 5 (Amazon),192022,Amazon
2025-12-31 10:49:56,Acer Predator Helios Neo 16 (Amazon),154990,Amazon
2025-12-31 10:49:59,Lenovo Legion 5 (Amazon),192022,Amazon
2025-12-31 11:12:19,Acer Predator Helios Neo 16 (Amazon),154990,Amazon
2025-12-31 11:12:22,Lenovo Legion 5 (Amazon),192022,Amazon
2025-12-31 11:32:07,Acer Predator Helios Neo 16 (Amazon),154990,Amazon
2025-12-31 11:32:10,Lenovo Legion 5 (Amazon),192022,Amazon
2025-12-31 11:45:24,Acer Predator Helios Neo 16 (Amazon),154990,Amazon
2025-12-31 11:45:27,Lenovo Legion 5 (Amazon),192022,Amazon
2025-12-31 11:58:08,Acer Predator Helios Neo 16 (Amazon),154990,Amazon
2025-12-31 11:58:11,Lenovo Legion 5 (Amazon),192022,Amazon
2025-12-31 12:59:50,Acer Predator Helios Neo 16 (Amazon),154990,Amazon
2025-12-31 12:59:53,Lenovo Legion 5 (Amazon),192022,Amazon
2025-12-31 13:40:20,Acer Predator Helios Neo 16 (Amazon),154990,Amazon
2025-12-31 13:40:23,Lenovo Legion 5 (Amazon),192022,Amazon
2025-12-31 13:56:23,Acer Predator Helios Neo 16 (Amazon),154990,Amazon
2025-12-31 13:56:26,Lenovo Legion 5 (Amazon),192022,Amazon
2025-12-31 14:29:08,Acer Predator Helios Neo 16 (Amazon),154990,Amazon
2025-12-31 14:29:10,Lenovo Legion 5 (Amazon),192022,Amazon
2025-12-31 15:00:40,Acer Predator Helios Neo 16 (Amazon),154990,Amazon
2025-12-31 15:00:43,Lenovo Legion 5 (Amazon),192022,Amazon
2025-12-31 15:47:59,Lenovo Legion 5 (Amazon),192022,Amazon
2025-12-31 16:00:18,Lenovo Legion 5 (Amazon),192022,Amazon
2025-12-31 16:37:45,Lenovo Legion 5 (Amazon),192022,Amazon
2025-12-31 16:56:48,Acer Predator Helios Neo 16 (Amazon),154990,Amazon
2025-12-31 16:56:53,Lenovo Legion 5 (Amazon),192022,Amazon
2025-12-31 17:56:28,Acer Predator Helios Neo 16 (Amazon),154990,Amazon
2025-12-31 17:56:31,Lenovo Legion 5 (Amazon),192022,Amazon
2025-12-31 18:39:40,Acer Predator Helios Neo 16 (Amazon),154990,Amazon
2025-12-31 18:57:38,Acer Predator Helios Neo 16 (Amazon),154990,Amazon
2025-12-31 19:51:13,Lenovo Legion 5 (Amazon),192022,Amazon
2025-12-31 20:39:54,Acer Predator Helios Neo 16 (Amazon),154990,Amazon
2025-12-31 20:39:57,Lenovo Legion 5 (Amazon),192022,Amazon
2025-12-31 20:54:17,Lenovo Legion 5 (Amazon),192022,Amazon
2025-12-31 21:51:25,Lenovo Legion 5 (Amazon),192022,Amazon
2025-12-31 22:16:18,Acer Predator Helios Neo 16 (Amazon),154990,Amazon
2025-12-31 22:16:21,Lenovo Legion 5 (Amazon),192022,Amazon
2025-12-31 22:40:49,Acer Predator Helios Neo 16 (Amazon),154990,Amazon
2025-12-31 22:54:06,Acer Predator Helios Neo 16 (Amazon),154990,Amazon
2025-12-31 22:54:08,Lenovo Legion 5 (Amazon),192022,Amazon
2025-12-31 23:21:51,Acer Predator Helios Neo 16 (Amazon),154990,Amazon
2025-12-31 23:21:53,Lenovo Legion 5 (Amazon),192022,Amazon
2025-12-31 23:39:48,Lenovo Legion 5 (Amazon),192022,Amazon
2025-12-31 23:52:37,Acer Predator Helios Neo 16 (Amazon),154990,Amazon
2025-12-31 23:52:39,Lenovo Legion 5 (Amazon),192022,Amazon
2026-01-01 03:29:18,Acer Predator Helios Neo 16 (Amazon),154990,Amazon
2026-01-01 03:29:23,Lenovo Legion 5 (Amazon),192022,Amazon
2026-01-01 04:35:21,Lenovo Legion 5 (Amazon),192022,Amazon
2026-01-01 05:05:10,Acer Predator Helios Neo 16 (Amazon),154990,Amazon
2026-01-01 05:42:52,Lenovo Legion 5 (Amazon),192022,Amazon
2026-01-01 05:58:40,Acer Predator Helios Neo 16 (Amazon),154990,Amazon
2026-01-01 06:48:08,Lenovo Legion 5 (Amazon),192022,Amazon
2026-01-01 07:13:11,Acer Predator Helios Neo 16 (Amazon),154990,Amazon
2026-01-01 07:13:14,Lenovo Legion 5 (Amazon),192022,Amazon
2026-01-01 07:51:51,Lenovo Legion 5 (Amazon),192022,Amazon
2026-01-01 09:24:56,Acer Predator Helios Neo 16 (Amazon),154990,Amazon
2026-01-01 09:24:58,Lenovo Legion 5 (Amazon),192022,Amazon
2026-01-01 09:47:02,Lenovo Legion 5 (Amazon),192022,Amazon
2026-01-01 09:59:15,Lenovo Legion 5 (Amazon),192022,Amazon
2026-01-01 10:34:37,Lenovo Legion 5 (Amazon),192022,Amazon
2026-01-01 13:01:22,Acer Predator Helios Neo 16 (Amazon),154990,Amazon
2026-01-01 13:01:25,Lenovo Legion 5 (Amazon),192022,Amazon
2026-01-01 13:42:07,Acer Predator Helios Neo 16 (Amazon),154990,Amazon
2026-01-01 13:57:34,Acer Predator Helios Neo 16 (Amazon),154990,Amazon
2026-01-01 14:28:59,Acer Predator Helios Neo 16 (Amazon),154990,Amazon
2026-01-01 14:48:09,Acer Predator Helios Neo 16 (Amazon),154990,Amazon
2026-01-01 15:00:11,Lenovo Legion 5 (Amazon),192022,Amazon
2026-01-01 15:31:23,Lenovo Legion 5 (Amazon),192022,Amazon
2026-01-01 15:48:15,Acer Predator Helios Neo 16 (Amazon),154990,Amazon
2026-01-01 15:48:19,Lenovo Legion 5 (Amazon),192022,Amazon
2026-01-01 16:01:19,Acer Predator Helios Neo 16 (Amazon),154990,Amazon
2026-01-01 16:01:22,Lenovo Legion 5 (Amazon),192022,Amazon
2026-01-01 16:38:40,Acer Predator Helios Neo 16 (Amazon),154990,Amazon
2026-01-01 16:38:42,Lenovo Legion 5 (Amazon),192022,Amazon
2026-01-01 16:58:11,Acer Predator Helios Neo 16 (Amazon),154990,Amazon
2026-01-01 16:58:14,Lenovo Legion 5 (Amazon),192022,Amazon
2026-01-01 17:28:19,Acer Predator Helios Neo 16 (Amazon),154990,Amazon
2026-01-01 17:28:21,Lenovo Legion 5 (Amazon),192022,Amazon
2026-01-01 17:46:36,Acer Predator Helios Neo 16 (Amazon),154990,Amazon
2026-01-01 17:46:39,Lenovo Legion 5 (Amazon),192022,Amazon
2026-01-01 17:59:08,Acer Predator Helios Neo 16 (Amazon),154990,Amazon
2026-01-01 17:59:11,Lenovo Legion 5 (Amazon),192022,Amazon
2026-01-01 18:42:15,Acer Predator Helios Neo 16 (Amazon),154990,Amazon
2026-01-01 18:42:18,Lenovo Legion 5 (Amazon),192022,Amazon
2026-01-01 18:59:59,Acer Predator Helios Neo 16 (Amazon),154990,Amazon
2026-01-01 19:00:01,Lenovo Legion 5 (Amazon),192022,Amazon
2026-01-01 19:25:31,Acer Predator Helios Neo 16 (Amazon),154990,Amazon
2026-01-01 19:25:35,Lenovo Legion 5 (Amazon),192022,Amazon
2026-01-01 19:41:24,Acer Predator Helios Neo 16 (Amazon),154990,Amazon
2026-01-01 19:41:27,Lenovo Legion 5 (Amazon),192022,Amazon
2026-01-01 19:54:11,Acer Predator Helios Neo 16 (Amazon),154990,Amazon
2026-01-01 19:54:13,Lenovo Legion 5 (Amazon),192022,Amazon
2026-01-01 20:27:09,Acer Predator Helios Neo 16 (Amazon),154990,Amazon
2026-01-01 20:27:13,Lenovo Legion 5 (Amazon),192022,Amazon
2026-01-01 20:47:21,Acer Predator Helios Neo 16 (Amazon),154990,Amazon
2026-01-01 20:47:24,Lenovo Legion 5 (Amazon),192022,Amazon
2026-01-01 21:00:00,Acer Predator Helios Neo 16 (Amazon),154990,Amazon
2026-01-01 21:00:03,Lenovo Legion 5 (Amazon),192022,Amazon
2026-01-01 21:28:48,Acer Predator Helios Neo 16 (Amazon),154990,Amazon
2026-01-01 21:28:51,Lenovo Legion 5 (Amazon),192022,Amazon
2026-01-01 21:45:08,Acer Predator Helios Neo 16 (Amazon),154990,Amazon
2026-01-01 21:45:12,Lenovo Legion 5 (Amazon),192022,Amazon
2026-01-01 21:57:55,Acer Predator Helios Neo 16 (Amazon),154990,Amazon
2026-01-01 21:57:57,Lenovo Legion 5 (Amazon),192022,Amazon
2026-01-01 22:30:06,Acer Predator Helios Neo 16 (Amazon),154990,Amazon
2026-01-01 22:30:09,Lenovo Legion 5 (Amazon),192022,Amazon
2026-01-01 22:48:37,Acer Predator Helios Neo 16 (Amazon),154990,Amazon
2026-01-01 22:48:40,Lenovo Legion 5 (Amazon),192022,Amazon
2026-01-01 23:09:35,Acer Predator Helios Neo 16 (Amazon),154990,Amazon
2026-01-01 23:09:39,Lenovo Legion 5 (Amazon),192022,Amazon
2026-01-01 23:32:34,Acer Predator Helios Neo 16 (Amazon),154990,Amazon
2026-01-01 23:32:38,Lenovo Legion 5 (Amazon),192022,Amazon
2026-01-01 23:48:14,Acer Predator Helios Neo 16 (Amazon),154990,Amazon
2026-01-01 23:48:18,Lenovo Legion 5 (Amazon),192022,Amazon
2026-01-02 00:00:47,Acer Predator Helios Neo 16 (Amazon),154990,Amazon
2026-01-02 00:00:49,Lenovo Legion 5 (Amazon),192022,Amazon
2026-01-02 02:25:42,Acer Predator Helios Neo 16 (Amazon),154990,Amazon
2026-01-02 02:25:46,Lenovo Legion 5 (Amazon),192022,Amazon
2026-01-02 03:52:45,Acer Predator Helios Neo 16 (Amazon),154990,Amazon
2026-01-02 03:52:49,Lenovo Legion 5 (Amazon),192022,Amazon
2026-01-02 04:40:02,Acer Predator Helios Neo 16 (Amazon),154990,Amazon
2026-01-02 04:40:06,Lenovo Legion 5 (Amazon),192022,Amazon
2026-01-02 05:03:51,Acer Predator Helios Neo 16 (Amazon),154990,Amazon
2026-01-02 05:03:54,Lenovo Legion 5 (Amazon),192022,Amazon
2026-01-02 05:39:18,Acer Predator Helios Neo 16 (Amazon),154990,Amazon
2026-01-02 05:39:21,Lenovo Legion 5 (Amazon),192022,Amazon
2026-01-02 05:56:09,Acer Predator Helios Neo 16 (Amazon),154990,Amazon
2026-01-02 05:56:12,Lenovo Legion 5 (Amazon),192022,Amazon
2026-01-02 06:45:01,Acer Predator Helios Neo 16 (Amazon),154990,Amazon
2026-01-02 06:45:04,Lenovo Legion 5 (Amazon),192022,Amazon
2026-01-02 07:12:56,Acer Predator Helios Neo 16 (Amazon),154990,Amazon
2026-01-02 07:13:00,Lenovo Legion 5 (Amazon),192022,Amazon
2026-01-02 07:38:37,Acer Predator Helios Neo 16 (Amazon),154990,Amazon
2026-01-02 07:38:39,Lenovo Legion 5 (Amazon),192022,Amazon
2026-01-02 07:52:10,Acer Predator Helios Neo 16 (Amazon),154990,Amazon
2026-01-02 07:52:13,Lenovo Legion 5 (Amazon),192022,Amazon
2026-01-02 08:26:02,Acer Predator Helios Neo 16 (Amazon),154990,Amazon
2026-01-02 08:26:06,Lenovo Legion 5 (Amazon),192022,Amazon
2026-01-02 08:54:13,Acer Predator Helios Neo 16 (Amazon),154990,Amazon
2026-01-02 08:54:16,Lenovo Legion 5 (Amazon),192022,Amazon
2026-01-02 09:28:08,Acer Predator Helios Neo 16 (Amazon),154990,Amazon
2026-01-02 09:28:10,Lenovo Legion 5 (Amazon),192022,Amazon
2026-01-02 09:48:24,Acer Predator Helios Neo 16 (Amazon),154990,Amazon
2026-01-02 09:48:27,Lenovo Legion 5 (Amazon),192022,Amazon
2026-01-02 10:01:24,Acer Predator Helios Neo 16 (Amazon),154990,Amazon
2026-01-02 10:01:27,Lenovo Legion 5 (Amazon),192022,Amazon
2026-01-02 10:34:10,Acer Predator Helios Neo 16 (Amazon),154990,Amazon
2026-01-02 10:34:13,Lenovo Legion 5 (Amazon),192022,Amazon
2026-01-02 10:51:51,Acer Predator Helios Neo 16 (Amazon),154990,Amazon
2026-01-02 10:51:54,Lenovo Legion 5 (Amazon),192022,Amazon
2026-01-02 11:15:36,Acer Predator Helios Neo 16 (Amazon),154990,Amazon
2026-01-02 11:15:39,Lenovo Legion 5 (Amazon),192022,Amazon
2026-01-02 11:33:09,Acer Predator Helios Neo 16 (Amazon),154990,Amazon
2026-01-02 11:33:12,Lenovo Legion 5 (Amazon),192022,Amazon
2026-01-02 11:46:33,Acer Predator Helios Neo 16 (Amazon),154990,Amazon
2026-01-02 11:46:36,Lenovo Legion 5 (Amazon),192022,Amazon
2026-01-02 11:58:57,Acer Predator Helios Neo 16 (Amazon),154990,Amazon
2026-01-02 11:59:00,Lenovo Legion 5 (Amazon),192022,Amazon
2026-01-02 12:59:18,Acer Predator Helios Neo 16 (Amazon),154990,Amazon
2026-01-02 12:59:21,Lenovo Legion 5 (Amazon),192022,Amazon
2026-01-02 13:40:22,Acer Predator Helios Neo 16 (Amazon),154990,Amazon
2026-01-02 13:40:26,Lenovo Legion 5 (Amazon),192022,Amazon
2026-01-02 13:56:24,Acer Predator Helios Neo 16 (Amazon),154990,Amazon
2026-01-02 13:56:27,Lenovo Legion 5 (Amazon),192022,Amazon
2026-01-02 14:29:41,Acer Predator Helios Neo 16 (Amazon),154990,Amazon
2026-01-02 14:29:44,Lenovo Legion 5 (Amazon),192022,Amazon
2026-01-02 14:49:24,Acer Predator Helios Neo 16 (Amazon),154990,Amazon
2026-01-02 14:49:27,Lenovo Legion 5 (Amazon),192022,Amazon
2026-01-02 15:12:23,Acer Predator Helios Neo 16 (Amazon),154990,Amazon
2026-01-02 15:12:26,Lenovo Legion 5 (Amazon),192022,Amazon
2026-01-02 15:37:17,Acer Predator Helios Neo 16 (Amazon),154990,Amazon
2026-01-02 15:37:20,Lenovo Legion 5 (Amazon),192022,Amazon
2026-01-02 15:52:44,Acer Predator Helios Neo 16 (Amazon),154990,Amazon
2026-01-02 15:52:48,Lenovo Legion 5 (Amazon),192022,Amazon
2026-01-02 16:24:39,Acer Predator Helios Neo 16 (Amazon),154990,Amazon
2026-01-02 16:24:42,Lenovo Legion 5 (Amazon),192022,Amazon
2026-01-02 16:50:45,Acer Predator Helios Neo 16 (Amazon),154990,Amazon
2026-01-02 16:50:48,Lenovo Legion 5 (Amazon),192022,Amazon
2026-01-02 17:13:26,Acer Predator Helios Neo 16 (Amazon),154990,Amazon
2026-01-02 17:13:29,Lenovo Legion 5 (Amazon),192022,Amazon
2026-01-02 17:36:02,Acer Predator Helios Neo 16 (Amazon),154990,Amazon
2026-01-02 17:36:05,Lenovo Legion 5 (Amazon),192022,Amazon
2026-01-02 17:49:44,Acer Predator Helios Neo 16 (Amazon),154990,Amazon
2026-01-02 17:49:48,Lenovo Legion 5 (Amazon),192022,Amazon
2026-01-02 18:18:07,Acer Predator Helios Neo 16 (Amazon),154990,Amazon
2026-01-02 18:18:10,Lenovo Legion 5 (Amazon),192022,Amazon
2026-01-02 18:48:43,Acer Predator Helios Neo 16 (Amazon),154990,Amazon
2026-01-02 18:48:46,Lenovo Legion 5 (Amazon),192022,Amazon
2026-01-02 19:04:12,Acer Predator Helios Neo 16 (Amazon),154990,Amazon
2026-01-02 19:04:15,Lenovo Legion 5 (Amazon),192022,Amazon
2026-01-02 19:23:04,Acer Predator Helios Neo 16 (Amazon),154990,Amazon
2026-01-02 19:23:07,Lenovo Legion 5 (Amazon),192022,Amazon
2026-01-02 19:38:22,Acer Predator Helios Neo 16 (Amazon),154990,Amazon
2026-01-02 19:38:25,Lenovo Legion 5 (Amazon),192022,Amazon
2026-01-02 19:51:02,Acer Predator Helios Neo 16 (Amazon),154990,Amazon
2026-01-02 19:51:05,Lenovo Legion 5 (Amazon),192022,Amazon
2026-01-02 20:17:01,Acer Predator Helios Neo 16 (Amazon),154990,Amazon
2026-01-02 20:17:03,Lenovo Legion 5 (Amazon),192022,Amazon
2026-01-02 20:40:07,Acer Predator Helios Neo 16 (Amazon),154990,Amazon
2026-01-02 20:40:10,Lenovo Legion 5 (Amazon),192022,Amazon
2026-01-02 20:54:10,Acer Predator Helios Neo 16 (Amazon),154990,Amazon
2026-01-02 20:54:12,Lenovo Legion 5 (Amazon),192022,Amazon
2026-01-02 21:18:31,Acer Predator Helios Neo 16 (Amazon),154990,Amazon
2026-01-02 21:18:35,Lenovo Legion 5 (Amazon),192022,Amazon
2026-01-02 21:32:49,Acer Predator Helios Neo 16 (Amazon),154990,Amazon
2026-01-02 21:32:53,Lenovo Legion 5 (Amazon),192022,Amazon
2026-01-02 21:45:48,Acer Predator Helios Neo 16 (Amazon),154990,Amazon
2026-01-02 21:45:50,Lenovo Legion 5 (Amazon),192022,Amazon
2026-01-02 21:58:08,Acer Predator Helios Neo 16 (Amazon),154990,Amazon
2026-01-02 21:58:11,Lenovo Legion 5 (Amazon),192022,Amazon
2026-01-02 22:30:41,Acer Predator Helios Neo 16 (Amazon),154990,Amazon
2026-01-02 22:30:44,Lenovo Legion 5 (Amazon),192022,Amazon
2026-01-02 22:49:24,Acer Predator Helios Neo 16 (Amazon),154990,Amazon
2026-01-02 22:49:28,Lenovo Legion 5 (Amazon),192022,Amazon
2026-01-02 23:11:23,Acer Predator Helios Neo 16 (Amazon),154990,Amazon
2026-01-02 23:11:26,Lenovo Legion 5 (Amazon),192022,Amazon
2026-01-02 23:32:19,Acer Predator Helios Neo 16 (Amazon),154990,Amazon
2026-01-02 23:32:23,Lenovo Legion 5 (Amazon),192022,Amazon
2026-01-02 23:46:18,Acer Predator Helios Neo 16 (Amazon),154990,Amazon
2026-01-02 23:46:21,Lenovo Legion 5 (Amazon),192022,Amazon
2026-01-02 23:58:47,Acer Predator Helios Neo 16 (Amazon),154990,Amazon
2026-01-02 23:58:50,Lenovo Legion 5 (Amazon),192022,Amazon
2026-01-03 02:17:47,Acer Predator Helios Neo 16 (Amazon),154990,Amazon
2026-01-03 02:17:50,Lenovo Legion 5 (Amazon),192022,Amazon
2026-01-03 03:40:59,Acer Predator Helios Neo 16 (Amazon),154990,Amazon
2026-01-03 03:41:02,Lenovo Legion 5 (Amazon),192022,Amazon
2026-01-03 04:19:55,Acer Predator Helios Neo 16 (Amazon),154990,Amazon
2026-01-03 04:50:39,Lenovo Legion 5 (Amazon),192022,Amazon
2026-01-03 06:37:13,Lenovo Legion 5 (Amazon),192022,Amazon
2026-01-03 06:58:17,Lenovo Legion 5 (Amazon),192022,Amazon
2026-01-03 07:27:46,Lenovo Legion 5 (Amazon),192490,Amazon
2026-01-03 07:43:26,Lenovo Legion 5 (Amazon),192490,Amazon
